Tag,Attributes,Text
div,"{'id': 'CybotCookiebotDialog', 'name': 'CybotCookiebotDialog', 'role': 'dialog', 'aria-modal': 'true', 'aria-labelledby': 'CybotCookiebotDialogBodyContentTitle', 'tabindex': '-1', 'lang': 'pl', 'dir': 'ltr', 'ng-non-bindable': '', 'class': ['CybotMultilevel', 'CybotCookiebotDialogActive'], 'style': 'display: flex;', 'data-template': 'popup'}","ZgodaSzczegóły[#IABV2SETTINGS#]O plikach cookiesNiniejsza strona korzysta z plików cookieWykorzystujemy pliki cookie do spersonalizowania treści i reklam, aby oferować funkcje społecznościowe i analizować ruch w naszej witrynie. Informacje o tym, jak korzystasz z naszej witryny, udostępniamy partnerom społecznościowym, reklamowym i analitycznym. Partnerzy mogą połączyć te informacje z innymi danymi otrzymanymi od Ciebie lub uzyskanymi podczas korzystania z ich usług.Consent SelectionNiezbędnePreferencjeStatystykaMarketingPokaż szczegółyNiezbędne5Niezbędne pliki cookie przyczyniają się do użyteczności strony poprzez umożliwianie podstawowych funkcji takich jak nawigacja na stronie i dostęp do bezpiecznych obszarów strony internetowej. Strona internetowa nie może funkcjonować poprawnie bez tych ciasteczek.Cookiebot2Dowiedz się więcej na temat tego dostawcy1.gifUsed to count the number of sessions to the website, necessary for optimizing CMP product delivery.Maksymalny okres przechowywania: SesyjneRodzaj: Śledzenie pikseliCookieConsentStores the user's cookie consent state for the current domainMaksymalny okres przechowywania: 1 rokRodzaj: Plik cookie HTTPGoogle1Dowiedz się więcej na temat tego dostawcySome of the data collected by this provider is for the purposes of personalization and measuring advertising effectiveness.test_cookieUsed to check if the user's browser supports cookies.Maksymalny okres przechowywania: 1 dzieńRodzaj: Plik cookie HTTPMatterport1Dowiedz się więcej na temat tego dostawcysc_anonymous_idUsed in context with the 3D-view-function on the website.Maksymalny okres przechowywania: StałeRodzaj: Lokalny magazyn HTMLheyzine.com1heyzine_sessionUsed to optimize the website’s e-book/magazine reader. Collects information regarding page-number, zoom depth etc. and maintains these preferences across session.Maksymalny okres przechowywania: 3 miesięcyRodzaj: Plik cookie HTTPPreferencje1Pliki cookie dotyczące preferencji umożliwiają stronie zapamiętanie informacji, które zmieniają wygląd lub funkcjonowanie strony, np. preferowany język lub region, w którym znajduje się użytkownik.www.victoriadom.pl1@@scroll#W oczekiwaniuMaksymalny okres przechowywania: SesyjneRodzaj: Lokalny magazyn HTMLStatystyka4Statystyczne pliki cookie pomagają właścicielem stron internetowych zrozumieć, w jaki sposób różni użytkownicy zachowują się na stronie, gromadząc i zgłaszając anonimowe informacje.Hotjar4Dowiedz się więcej na temat tego dostawcy_hjSession_#Collects statistics on the visitor's visits to the website, such as the number of visits, average time spent on the website and what pages have been read.Maksymalny okres przechowywania: 1 dzieńRodzaj: Plik cookie HTTP_hjSessionUser_#Collects statistics on the visitor's visits to the website, such as the number of visits, average time spent on the website and what pages have been read.Maksymalny okres przechowywania: 1 rokRodzaj: Plik cookie HTTP_hjTLDTestRegisters statistical data on users' behaviour on the website. Used for internal analytics by the website operator.Maksymalny okres przechowywania: SesyjneRodzaj: Plik cookie HTTP_hjCookieTestCollects data on the user’s navigation and behavior on the website. This is used to compile statistical reports and heatmaps for the website owner.Maksymalny okres przechowywania: SesyjneRodzaj: Plik cookie HTTPMarketing25Marketingowe pliki cookie stosowane są w celu śledzenia użytkowników na stronach internetowych. Celem jest wyświetlanie reklam, które są istotne i interesujące dla poszczególnych użytkowników i tym samym bardziej cenne dla wydawców i reklamodawców strony trzeciej.Meta Platforms, Inc.5Dowiedz się więcej na temat tego dostawcylastExternalReferrerW oczekiwaniuMaksymalny okres przechowywania: StałeRodzaj: Lokalny magazyn HTMLlastExternalReferrerTimeW oczekiwaniuMaksymalny okres przechowywania: StałeRodzaj: Lokalny magazyn HTML_fbp [x3]Used by Facebook to deliver a series of advertisement products such as real time bidding from third party advertisers.Maksymalny okres przechowywania: 3 miesięcyRodzaj: Plik cookie HTTPGoogle12Dowiedz się więcej na temat tego dostawcySome of the data collected by this provider is for the purposes of personalization and measuring advertising effectiveness.IDEUsed by Google DoubleClick to register and report the website user's actions after viewing or clicking one of the advertiser's ads with the purpose of measuring the efficacy of an ad and to present targeted ads to the user.Maksymalny okres przechowywania: 400 dniRodzaj: Plik cookie HTTPpagead/1p-user-list/#Tracks if the user has shown interest in specific products or events across multiple websites and detects how the user navigates between sites. This is used for measurement of advertisement efforts and facilitates payment of referral-fees between websites.Maksymalny okres przechowywania: SesyjneRodzaj: Śledzenie pikseli_ga [x4]Used to send data to Google Analytics about the visitor's device and behavior. Tracks the visitor across devices and marketing channels.Maksymalny okres przechowywania: 2 latRodzaj: Plik cookie HTTP_ga_# [x4]Used to send data to Google Analytics about the visitor's device and behavior. Tracks the visitor across devices and marketing channels.Maksymalny okres przechowywania: 2 latRodzaj: Plik cookie HTTP_gidUsed to send data to Google Analytics about the visitor's device and behavior. Tracks the visitor across devices and marketing channels.Maksymalny okres przechowywania: 1 dzieńRodzaj: Plik cookie HTTP_gcl_auUsed by Google AdSense for experimenting with advertisement efficiency across websites using their services.Maksymalny okres przechowywania: 3 miesięcyRodzaj: Plik cookie HTTPMicrosoft8Dowiedz się więcej na temat tego dostawcy_uetsidUsed to track visitors on multiple websites, in order to present relevant advertisement based on the visitor's preferences.Maksymalny okres przechowywania: StałeRodzaj: Lokalny magazyn HTML_uetsid_expContains the expiry-date for the cookie with corresponding name.Maksymalny okres przechowywania: StałeRodzaj: Lokalny magazyn HTML_uetvidUsed to track visitors on multiple websites, in order to present relevant advertisement based on the visitor's preferences.Maksymalny okres przechowywania: StałeRodzaj: Lokalny magazyn HTML_uetvid_expContains the expiry-date for the cookie with corresponding name.Maksymalny okres przechowywania: StałeRodzaj: Lokalny magazyn HTMLMSPTCW oczekiwaniuMaksymalny okres przechowywania: 1 rokRodzaj: Plik cookie HTTPMUIDW oczekiwaniuMaksymalny okres przechowywania: 1 rokRodzaj: Plik cookie HTTP_uetsidCollects data on visitor behaviour from multiple websites, in order to present more relevant advertisement - This also allows the website to limit the number of times that they are shown the same advertisement.Maksymalny okres przechowywania: 1 dzieńRodzaj: Plik cookie HTTP_uetvidUsed to track visitors on multiple websites, in order to present relevant advertisement based on the visitor's preferences.Maksymalny okres przechowywania: 1 rokRodzaj: Plik cookie HTTPNieklasyfikowane38Nieklasyfikowane pliki cookie, to pliki, które są w procesie klasyfikowania, wraz z dostawcami poszczególnych ciasteczek.Microsoft9Dowiedz się więcej na temat tego dostawcy3desm__compare-flats-71c8199b-05ba-4167-9fd2-3b9b1bbf17c7W oczekiwaniuMaksymalny okres przechowywania: StałeRodzaj: Lokalny magazyn HTML3desm__compare-flats-71c8199b-05ba-4167-9fd2-3b9b1bbf17c7-custom-crm-idsW oczekiwaniuMaksymalny okres przechowywania: StałeRodzaj: Lokalny magazyn HTML3desm__compare-flats-71c8199b-05ba-4167-9fd2-3b9b1bbf17c7-nameW oczekiwaniuMaksymalny okres przechowywania: StałeRodzaj: Lokalny magazyn HTMLexternal_languageW oczekiwaniuMaksymalny okres przechowywania: StałeRodzaj: Lokalny magazyn HTMLsalesmanEmailW oczekiwaniuMaksymalny okres przechowywania: StałeRodzaj: Lokalny magazyn HTMLsm3de_viewVisitedW oczekiwaniuMaksymalny okres przechowywania: StałeRodzaj: Lokalny magazyn HTMLsm3de_wasCookieInfoShownBeforeW oczekiwaniuMaksymalny okres przechowywania: StałeRodzaj: Lokalny magazyn HTMLsm3de_wasRotateGuideSeenBeforeW oczekiwaniuMaksymalny okres przechowywania: StałeRodzaj: Lokalny magazyn HTMLsortByGenericW oczekiwaniuMaksymalny okres przechowywania: StałeRodzaj: Lokalny magazyn HTMLtours.3destate.pl1_3deoa-tour-player-is-guide-seenW oczekiwaniuMaksymalny okres przechowywania: StałeRodzaj: Lokalny magazyn HTMLvictoriadom-warszawa-metroart4.sensevr.pl1TUTORIAL_STATEW oczekiwaniuMaksymalny okres przechowywania: SesyjneRodzaj: Lokalny magazyn HTMLwww.victoriadom.pl27/warszawa/miasteczko-julianow-1-Rabat nawet do 700 zł/m2 - Miasteczko JulianówW oczekiwaniuMaksymalny okres przechowywania: SesyjneRodzaj: Lokalny magazyn HTML/warszawa/neo-nova-ochota-Rabat do 700 zł/m2 na osiedlu Neo Nova Ochota od Victoria DomW oczekiwaniuMaksymalny okres przechowywania: SesyjneRodzaj: Lokalny magazyn HTML-pop-up-final6W oczekiwaniuMaksymalny okres przechowywania: SesyjneRodzaj: Lokalny magazyn HTMLurl-metro-art-Metro Art 10W oczekiwaniuMaksymalny okres przechowywania: SesyjneRodzaj: Lokalny magazyn HTMLurl-metro-art-Metro Art 11W oczekiwaniuMaksymalny okres przechowywania: SesyjneRodzaj: Lokalny magazyn HTMLurl-metro-art-Metro Art 4W oczekiwaniuMaksymalny okres przechowywania: SesyjneRodzaj: Lokalny magazyn HTMLurl-metro-art-Metro Art 8W oczekiwaniuMaksymalny okres przechowywania: SesyjneRodzaj: Lokalny magazyn HTMLurl-metro-art-Metro Art 9W oczekiwaniuMaksymalny okres przechowywania: SesyjneRodzaj: Lokalny magazyn HTMLurl-miasteczko-julianow-Miasteczko JulianówW oczekiwaniuMaksymalny okres przechowywania: SesyjneRodzaj: Lokalny magazyn HTMLurl-miasteczko-nova-ochota-Miasteczko Nova Ochota 11W oczekiwaniuMaksymalny okres przechowywania: SesyjneRodzaj: Lokalny magazyn HTMLurl-miasteczko-nova-sfera-3-Miasteczko Nova Sfera 3W oczekiwaniuMaksymalny okres przechowywania: SesyjneRodzaj: Lokalny magazyn HTMLurl-neo-nova-ochota-Neo Nova OchotaW oczekiwaniuMaksymalny okres przechowywania: SesyjneRodzaj: Lokalny magazyn HTMLurl-neo-nova-ochota-Neo Nova Ochota 2W oczekiwaniuMaksymalny okres przechowywania: SesyjneRodzaj: Lokalny magazyn HTMLurl-nova-viva-garden-Nova Viva Garden 5W oczekiwaniuMaksymalny okres przechowywania: SesyjneRodzaj: Lokalny magazyn HTMLurl-nova-viva-garden-Nova Viva Garden 6W oczekiwaniuMaksymalny okres przechowywania: SesyjneRodzaj: Lokalny magazyn HTMLurl-olchowy-park-1-Olchowy Park 1W oczekiwaniuMaksymalny okres przechowywania: SesyjneRodzaj: Lokalny magazyn HTMLurl-olchowy-park-2-Olchowy Park 2W oczekiwaniuMaksymalny okres przechowywania: SesyjneRodzaj: Lokalny magazyn HTMLurl-olchowy-park-6-Olchowy Park 6W oczekiwaniuMaksymalny okres przechowywania: SesyjneRodzaj: Lokalny magazyn HTMLurl-olchowy-park-Olchowy Park 4W oczekiwaniuMaksymalny okres przechowywania: SesyjneRodzaj: Lokalny magazyn HTMLurl-olchowy-park-Olchowy Park 5W oczekiwaniuMaksymalny okres przechowywania: SesyjneRodzaj: Lokalny magazyn HTMLurl-olchowy-park-Olchowy Park 7W oczekiwaniuMaksymalny okres przechowywania: SesyjneRodzaj: Lokalny magazyn HTMLurl-osiedle-krzewna-3-Osiedle Krzewna 3W oczekiwaniuMaksymalny okres przechowywania: SesyjneRodzaj: Lokalny magazyn HTMLurl-przystanek-tarchomin-Przystanek Tarchomin 5W oczekiwaniuMaksymalny okres przechowywania: SesyjneRodzaj: Lokalny magazyn HTMLurl-viva-piast-Viva Piast 4W oczekiwaniuMaksymalny okres przechowywania: SesyjneRodzaj: Lokalny magazyn HTMLurl-viva-piast-Viva Piast 5W oczekiwaniuMaksymalny okres przechowywania: SesyjneRodzaj: Lokalny magazyn HTMLUTM_PARAMSW oczekiwaniuMaksymalny okres przechowywania: SesyjneRodzaj: Lokalny magazyn HTML-VD_NNO_popup_08.11.2024_2W oczekiwaniuMaksymalny okres przechowywania: SesyjneRodzaj: Lokalny magazyn HTMLZgoda międzydomenowa[#BULK_CONSENT_DOMAINS_COUNT#][#BULK_CONSENT_TITLE#]Lista domen, których dotyczy Twoja zgoda:[#BULK_CONSENT_DOMAINS#]Deklarację dot. plików cookie zaktualizowano ostatnio 18.11.2024 przezCookiebot[#IABV2_TITLE#][#IABV2_BODY_INTRO#][#IABV2_BODY_LEGITIMATE_INTEREST_INTRO#][#IABV2_BODY_PREFERENCE_INTRO#][#IABV2_LABEL_PURPOSES#][#IABV2_BODY_PURPOSES_INTRO#][#IABV2_BODY_PURPOSES#][#IABV2_LABEL_FEATURES#][#IABV2_BODY_FEATURES_INTRO#][#IABV2_BODY_FEATURES#][#IABV2_LABEL_PARTNERS#][#IABV2_BODY_PARTNERS_INTRO#][#IABV2_BODY_PARTNERS#]Pliki cookie (ciasteczka) to małe pliki tekstowe, które mogą być stosowane przez strony internetowe, aby użytkownicy mogli korzystać ze stron w bardziej sprawny sposób.Prawo stanowi, że możemy przechowywać pliki cookie na urządzeniu użytkownika, jeśli jest to niezbędne do funkcjonowania niniejszej strony. Do wszystkich innych rodzajów plików cookie potrzebujemy zezwolenia użytkownika.Niniejsza strona korzysta z różnych rodzajów plików cookie. Niektóre pliki cookie umieszczane są przez usługi stron trzecich, które pojawiają się na naszych stronach.W dowolnej chwili możesz wycofać swoją zgodę w Deklaracji dot. plików cookie na naszej witrynie.Dowiedz się więcej na temat tego, kim jesteśmy, jak można się z nami skontaktować i w jaki sposób przetwarzamy dane osobowe w ramach Polityki prywatności.Prosimy o podanie identyfikatora Pana(Pani) zgody i daty kontaktu z nami w sprawie Pana(Pani) zgodyMoje dane osobowe nie mogą być sprzedawane ani udostępnianeOdmowaZezwól na wybórSpersonalizujZezwól na wszystkie"
div,{'class': ['CybotCookiebotDialogContentWrapper']},"ZgodaSzczegóły[#IABV2SETTINGS#]O plikach cookiesNiniejsza strona korzysta z plików cookieWykorzystujemy pliki cookie do spersonalizowania treści i reklam, aby oferować funkcje społecznościowe i analizować ruch w naszej witrynie. Informacje o tym, jak korzystasz z naszej witryny, udostępniamy partnerom społecznościowym, reklamowym i analitycznym. Partnerzy mogą połączyć te informacje z innymi danymi otrzymanymi od Ciebie lub uzyskanymi podczas korzystania z ich usług.Consent SelectionNiezbędnePreferencjeStatystykaMarketingPokaż szczegółyNiezbędne5Niezbędne pliki cookie przyczyniają się do użyteczności strony poprzez umożliwianie podstawowych funkcji takich jak nawigacja na stronie i dostęp do bezpiecznych obszarów strony internetowej. Strona internetowa nie może funkcjonować poprawnie bez tych ciasteczek.Cookiebot2Dowiedz się więcej na temat tego dostawcy1.gifUsed to count the number of sessions to the website, necessary for optimizing CMP product delivery.Maksymalny okres przechowywania: SesyjneRodzaj: Śledzenie pikseliCookieConsentStores the user's cookie consent state for the current domainMaksymalny okres przechowywania: 1 rokRodzaj: Plik cookie HTTPGoogle1Dowiedz się więcej na temat tego dostawcySome of the data collected by this provider is for the purposes of personalization and measuring advertising effectiveness.test_cookieUsed to check if the user's browser supports cookies.Maksymalny okres przechowywania: 1 dzieńRodzaj: Plik cookie HTTPMatterport1Dowiedz się więcej na temat tego dostawcysc_anonymous_idUsed in context with the 3D-view-function on the website.Maksymalny okres przechowywania: StałeRodzaj: Lokalny magazyn HTMLheyzine.com1heyzine_sessionUsed to optimize the website’s e-book/magazine reader. Collects information regarding page-number, zoom depth etc. and maintains these preferences across session.Maksymalny okres przechowywania: 3 miesięcyRodzaj: Plik cookie HTTPPreferencje1Pliki cookie dotyczące preferencji umożliwiają stronie zapamiętanie informacji, które zmieniają wygląd lub funkcjonowanie strony, np. preferowany język lub region, w którym znajduje się użytkownik.www.victoriadom.pl1@@scroll#W oczekiwaniuMaksymalny okres przechowywania: SesyjneRodzaj: Lokalny magazyn HTMLStatystyka4Statystyczne pliki cookie pomagają właścicielem stron internetowych zrozumieć, w jaki sposób różni użytkownicy zachowują się na stronie, gromadząc i zgłaszając anonimowe informacje.Hotjar4Dowiedz się więcej na temat tego dostawcy_hjSession_#Collects statistics on the visitor's visits to the website, such as the number of visits, average time spent on the website and what pages have been read.Maksymalny okres przechowywania: 1 dzieńRodzaj: Plik cookie HTTP_hjSessionUser_#Collects statistics on the visitor's visits to the website, such as the number of visits, average time spent on the website and what pages have been read.Maksymalny okres przechowywania: 1 rokRodzaj: Plik cookie HTTP_hjTLDTestRegisters statistical data on users' behaviour on the website. Used for internal analytics by the website operator.Maksymalny okres przechowywania: SesyjneRodzaj: Plik cookie HTTP_hjCookieTestCollects data on the user’s navigation and behavior on the website. This is used to compile statistical reports and heatmaps for the website owner.Maksymalny okres przechowywania: SesyjneRodzaj: Plik cookie HTTPMarketing25Marketingowe pliki cookie stosowane są w celu śledzenia użytkowników na stronach internetowych. Celem jest wyświetlanie reklam, które są istotne i interesujące dla poszczególnych użytkowników i tym samym bardziej cenne dla wydawców i reklamodawców strony trzeciej.Meta Platforms, Inc.5Dowiedz się więcej na temat tego dostawcylastExternalReferrerW oczekiwaniuMaksymalny okres przechowywania: StałeRodzaj: Lokalny magazyn HTMLlastExternalReferrerTimeW oczekiwaniuMaksymalny okres przechowywania: StałeRodzaj: Lokalny magazyn HTML_fbp [x3]Used by Facebook to deliver a series of advertisement products such as real time bidding from third party advertisers.Maksymalny okres przechowywania: 3 miesięcyRodzaj: Plik cookie HTTPGoogle12Dowiedz się więcej na temat tego dostawcySome of the data collected by this provider is for the purposes of personalization and measuring advertising effectiveness.IDEUsed by Google DoubleClick to register and report the website user's actions after viewing or clicking one of the advertiser's ads with the purpose of measuring the efficacy of an ad and to present targeted ads to the user.Maksymalny okres przechowywania: 400 dniRodzaj: Plik cookie HTTPpagead/1p-user-list/#Tracks if the user has shown interest in specific products or events across multiple websites and detects how the user navigates between sites. This is used for measurement of advertisement efforts and facilitates payment of referral-fees between websites.Maksymalny okres przechowywania: SesyjneRodzaj: Śledzenie pikseli_ga [x4]Used to send data to Google Analytics about the visitor's device and behavior. Tracks the visitor across devices and marketing channels.Maksymalny okres przechowywania: 2 latRodzaj: Plik cookie HTTP_ga_# [x4]Used to send data to Google Analytics about the visitor's device and behavior. Tracks the visitor across devices and marketing channels.Maksymalny okres przechowywania: 2 latRodzaj: Plik cookie HTTP_gidUsed to send data to Google Analytics about the visitor's device and behavior. Tracks the visitor across devices and marketing channels.Maksymalny okres przechowywania: 1 dzieńRodzaj: Plik cookie HTTP_gcl_auUsed by Google AdSense for experimenting with advertisement efficiency across websites using their services.Maksymalny okres przechowywania: 3 miesięcyRodzaj: Plik cookie HTTPMicrosoft8Dowiedz się więcej na temat tego dostawcy_uetsidUsed to track visitors on multiple websites, in order to present relevant advertisement based on the visitor's preferences.Maksymalny okres przechowywania: StałeRodzaj: Lokalny magazyn HTML_uetsid_expContains the expiry-date for the cookie with corresponding name.Maksymalny okres przechowywania: StałeRodzaj: Lokalny magazyn HTML_uetvidUsed to track visitors on multiple websites, in order to present relevant advertisement based on the visitor's preferences.Maksymalny okres przechowywania: StałeRodzaj: Lokalny magazyn HTML_uetvid_expContains the expiry-date for the cookie with corresponding name.Maksymalny okres przechowywania: StałeRodzaj: Lokalny magazyn HTMLMSPTCW oczekiwaniuMaksymalny okres przechowywania: 1 rokRodzaj: Plik cookie HTTPMUIDW oczekiwaniuMaksymalny okres przechowywania: 1 rokRodzaj: Plik cookie HTTP_uetsidCollects data on visitor behaviour from multiple websites, in order to present more relevant advertisement - This also allows the website to limit the number of times that they are shown the same advertisement.Maksymalny okres przechowywania: 1 dzieńRodzaj: Plik cookie HTTP_uetvidUsed to track visitors on multiple websites, in order to present relevant advertisement based on the visitor's preferences.Maksymalny okres przechowywania: 1 rokRodzaj: Plik cookie HTTPNieklasyfikowane38Nieklasyfikowane pliki cookie, to pliki, które są w procesie klasyfikowania, wraz z dostawcami poszczególnych ciasteczek.Microsoft9Dowiedz się więcej na temat tego dostawcy3desm__compare-flats-71c8199b-05ba-4167-9fd2-3b9b1bbf17c7W oczekiwaniuMaksymalny okres przechowywania: StałeRodzaj: Lokalny magazyn HTML3desm__compare-flats-71c8199b-05ba-4167-9fd2-3b9b1bbf17c7-custom-crm-idsW oczekiwaniuMaksymalny okres przechowywania: StałeRodzaj: Lokalny magazyn HTML3desm__compare-flats-71c8199b-05ba-4167-9fd2-3b9b1bbf17c7-nameW oczekiwaniuMaksymalny okres przechowywania: StałeRodzaj: Lokalny magazyn HTMLexternal_languageW oczekiwaniuMaksymalny okres przechowywania: StałeRodzaj: Lokalny magazyn HTMLsalesmanEmailW oczekiwaniuMaksymalny okres przechowywania: StałeRodzaj: Lokalny magazyn HTMLsm3de_viewVisitedW oczekiwaniuMaksymalny okres przechowywania: StałeRodzaj: Lokalny magazyn HTMLsm3de_wasCookieInfoShownBeforeW oczekiwaniuMaksymalny okres przechowywania: StałeRodzaj: Lokalny magazyn HTMLsm3de_wasRotateGuideSeenBeforeW oczekiwaniuMaksymalny okres przechowywania: StałeRodzaj: Lokalny magazyn HTMLsortByGenericW oczekiwaniuMaksymalny okres przechowywania: StałeRodzaj: Lokalny magazyn HTMLtours.3destate.pl1_3deoa-tour-player-is-guide-seenW oczekiwaniuMaksymalny okres przechowywania: StałeRodzaj: Lokalny magazyn HTMLvictoriadom-warszawa-metroart4.sensevr.pl1TUTORIAL_STATEW oczekiwaniuMaksymalny okres przechowywania: SesyjneRodzaj: Lokalny magazyn HTMLwww.victoriadom.pl27/warszawa/miasteczko-julianow-1-Rabat nawet do 700 zł/m2 - Miasteczko JulianówW oczekiwaniuMaksymalny okres przechowywania: SesyjneRodzaj: Lokalny magazyn HTML/warszawa/neo-nova-ochota-Rabat do 700 zł/m2 na osiedlu Neo Nova Ochota od Victoria DomW oczekiwaniuMaksymalny okres przechowywania: SesyjneRodzaj: Lokalny magazyn HTML-pop-up-final6W oczekiwaniuMaksymalny okres przechowywania: SesyjneRodzaj: Lokalny magazyn HTMLurl-metro-art-Metro Art 10W oczekiwaniuMaksymalny okres przechowywania: SesyjneRodzaj: Lokalny magazyn HTMLurl-metro-art-Metro Art 11W oczekiwaniuMaksymalny okres przechowywania: SesyjneRodzaj: Lokalny magazyn HTMLurl-metro-art-Metro Art 4W oczekiwaniuMaksymalny okres przechowywania: SesyjneRodzaj: Lokalny magazyn HTMLurl-metro-art-Metro Art 8W oczekiwaniuMaksymalny okres przechowywania: SesyjneRodzaj: Lokalny magazyn HTMLurl-metro-art-Metro Art 9W oczekiwaniuMaksymalny okres przechowywania: SesyjneRodzaj: Lokalny magazyn HTMLurl-miasteczko-julianow-Miasteczko JulianówW oczekiwaniuMaksymalny okres przechowywania: SesyjneRodzaj: Lokalny magazyn HTMLurl-miasteczko-nova-ochota-Miasteczko Nova Ochota 11W oczekiwaniuMaksymalny okres przechowywania: SesyjneRodzaj: Lokalny magazyn HTMLurl-miasteczko-nova-sfera-3-Miasteczko Nova Sfera 3W oczekiwaniuMaksymalny okres przechowywania: SesyjneRodzaj: Lokalny magazyn HTMLurl-neo-nova-ochota-Neo Nova OchotaW oczekiwaniuMaksymalny okres przechowywania: SesyjneRodzaj: Lokalny magazyn HTMLurl-neo-nova-ochota-Neo Nova Ochota 2W oczekiwaniuMaksymalny okres przechowywania: SesyjneRodzaj: Lokalny magazyn HTMLurl-nova-viva-garden-Nova Viva Garden 5W oczekiwaniuMaksymalny okres przechowywania: SesyjneRodzaj: Lokalny magazyn HTMLurl-nova-viva-garden-Nova Viva Garden 6W oczekiwaniuMaksymalny okres przechowywania: SesyjneRodzaj: Lokalny magazyn HTMLurl-olchowy-park-1-Olchowy Park 1W oczekiwaniuMaksymalny okres przechowywania: SesyjneRodzaj: Lokalny magazyn HTMLurl-olchowy-park-2-Olchowy Park 2W oczekiwaniuMaksymalny okres przechowywania: SesyjneRodzaj: Lokalny magazyn HTMLurl-olchowy-park-6-Olchowy Park 6W oczekiwaniuMaksymalny okres przechowywania: SesyjneRodzaj: Lokalny magazyn HTMLurl-olchowy-park-Olchowy Park 4W oczekiwaniuMaksymalny okres przechowywania: SesyjneRodzaj: Lokalny magazyn HTMLurl-olchowy-park-Olchowy Park 5W oczekiwaniuMaksymalny okres przechowywania: SesyjneRodzaj: Lokalny magazyn HTMLurl-olchowy-park-Olchowy Park 7W oczekiwaniuMaksymalny okres przechowywania: SesyjneRodzaj: Lokalny magazyn HTMLurl-osiedle-krzewna-3-Osiedle Krzewna 3W oczekiwaniuMaksymalny okres przechowywania: SesyjneRodzaj: Lokalny magazyn HTMLurl-przystanek-tarchomin-Przystanek Tarchomin 5W oczekiwaniuMaksymalny okres przechowywania: SesyjneRodzaj: Lokalny magazyn HTMLurl-viva-piast-Viva Piast 4W oczekiwaniuMaksymalny okres przechowywania: SesyjneRodzaj: Lokalny magazyn HTMLurl-viva-piast-Viva Piast 5W oczekiwaniuMaksymalny okres przechowywania: SesyjneRodzaj: Lokalny magazyn HTMLUTM_PARAMSW oczekiwaniuMaksymalny okres przechowywania: SesyjneRodzaj: Lokalny magazyn HTML-VD_NNO_popup_08.11.2024_2W oczekiwaniuMaksymalny okres przechowywania: SesyjneRodzaj: Lokalny magazyn HTMLZgoda międzydomenowa[#BULK_CONSENT_DOMAINS_COUNT#][#BULK_CONSENT_TITLE#]Lista domen, których dotyczy Twoja zgoda:[#BULK_CONSENT_DOMAINS#]Deklarację dot. plików cookie zaktualizowano ostatnio 18.11.2024 przezCookiebot[#IABV2_TITLE#][#IABV2_BODY_INTRO#][#IABV2_BODY_LEGITIMATE_INTEREST_INTRO#][#IABV2_BODY_PREFERENCE_INTRO#][#IABV2_LABEL_PURPOSES#][#IABV2_BODY_PURPOSES_INTRO#][#IABV2_BODY_PURPOSES#][#IABV2_LABEL_FEATURES#][#IABV2_BODY_FEATURES_INTRO#][#IABV2_BODY_FEATURES#][#IABV2_LABEL_PARTNERS#][#IABV2_BODY_PARTNERS_INTRO#][#IABV2_BODY_PARTNERS#]Pliki cookie (ciasteczka) to małe pliki tekstowe, które mogą być stosowane przez strony internetowe, aby użytkownicy mogli korzystać ze stron w bardziej sprawny sposób.Prawo stanowi, że możemy przechowywać pliki cookie na urządzeniu użytkownika, jeśli jest to niezbędne do funkcjonowania niniejszej strony. Do wszystkich innych rodzajów plików cookie potrzebujemy zezwolenia użytkownika.Niniejsza strona korzysta z różnych rodzajów plików cookie. Niektóre pliki cookie umieszczane są przez usługi stron trzecich, które pojawiają się na naszych stronach.W dowolnej chwili możesz wycofać swoją zgodę w Deklaracji dot. plików cookie na naszej witrynie.Dowiedz się więcej na temat tego, kim jesteśmy, jak można się z nami skontaktować i w jaki sposób przetwarzamy dane osobowe w ramach Polityki prywatności.Prosimy o podanie identyfikatora Pana(Pani) zgody i daty kontaktu z nami w sprawie Pana(Pani) zgodyMoje dane osobowe nie mogą być sprzedawane ani udostępnianeOdmowaZezwól na wybórSpersonalizujZezwól na wszystkie"
div,"{'id': 'CybotCookiebotDialogNav', 'class': ['CybotCookiebotScrollAreaSide']}",ZgodaSzczegóły[#IABV2SETTINGS#]O plikach cookies
div,"{'class': ['CybotCookiebotFader', 'CybotCookiebotFaderLeft'], 'style': 'background-image: linear-gradient(to right, rgb(255, 255, 255), rgba(255, 255, 255, 0.8), rgba(255, 255, 255, 0));'}",
div,"{'class': ['CybotCookiebotFader', 'CybotCookiebotFaderRight'], 'style': 'background-image: linear-gradient(to left, rgb(255, 255, 255), rgba(255, 255, 255, 0.8), rgba(255, 255, 255, 0));'}",
div,"{'id': 'CybotCookiebotDialogBody', 'class': ['CybotCookiebotDialogTabPanel'], 'role': 'tabpanel', 'aria-labelledby': 'CybotCookiebotDialogNavDeclaration', 'lang': 'pl'}","Niniejsza strona korzysta z plików cookieWykorzystujemy pliki cookie do spersonalizowania treści i reklam, aby oferować funkcje społecznościowe i analizować ruch w naszej witrynie. Informacje o tym, jak korzystasz z naszej witryny, udostępniamy partnerom społecznościowym, reklamowym i analitycznym. Partnerzy mogą połączyć te informacje z innymi danymi otrzymanymi od Ciebie lub uzyskanymi podczas korzystania z ich usług.Consent SelectionNiezbędnePreferencjeStatystykaMarketingPokaż szczegóły"
div,{'class': ['CybotCookiebotScrollContainer']},"Niniejsza strona korzysta z plików cookieWykorzystujemy pliki cookie do spersonalizowania treści i reklam, aby oferować funkcje społecznościowe i analizować ruch w naszej witrynie. Informacje o tym, jak korzystasz z naszej witryny, udostępniamy partnerom społecznościowym, reklamowym i analitycznym. Partnerzy mogą połączyć te informacje z innymi danymi otrzymanymi od Ciebie lub uzyskanymi podczas korzystania z ich usług."
div,"{'id': 'CybotCookiebotDialogBodyContent', 'class': ['CybotCookiebotScrollArea'], 'tabindex': '0'}","Niniejsza strona korzysta z plików cookieWykorzystujemy pliki cookie do spersonalizowania treści i reklam, aby oferować funkcje społecznościowe i analizować ruch w naszej witrynie. Informacje o tym, jak korzystasz z naszej witryny, udostępniamy partnerom społecznościowym, reklamowym i analitycznym. Partnerzy mogą połączyć te informacje z innymi danymi otrzymanymi od Ciebie lub uzyskanymi podczas korzystania z ich usług."
div,"{'class': ['CybotCookiebotFader'], 'style': 'background-image: linear-gradient(to top, rgb(255, 255, 255), rgba(255, 255, 255, 0.8), rgba(255, 255, 255, 0));'}",
div,{'class': ['CybotCookiebotScrollbarContainer']},
div,{'class': ['CybotCookiebotDialogBodyBottomWrapper']},Consent SelectionNiezbędnePreferencjeStatystykaMarketingPokaż szczegóły
div,{'class': ['CybotCookiebotDialogBodyLevelButtonWrapper']},Niezbędne
div,"{'class': ['CybotCookiebotDialogBodyLevelButtonSliderWrapper', 'CybotCookiebotDialogBodyLevelButtonSliderWrapperDisabled']}",
div,{'class': ['CybotCookiebotDialogBodyLevelButtonWrapper']},Preferencje
div,{'class': ['CybotCookiebotDialogBodyLevelButtonSliderWrapper']},
div,{'class': ['CybotCookiebotDialogBodyLevelButtonWrapper']},Statystyka
div,{'class': ['CybotCookiebotDialogBodyLevelButtonSliderWrapper']},
div,{'class': ['CybotCookiebotDialogBodyLevelButtonWrapper']},Marketing
div,{'class': ['CybotCookiebotDialogBodyLevelButtonSliderWrapper']},
div,"{'class': ['CybotCookiebotScrollContainer', 'CybotCookiebotDialogHide']}","Niezbędne5Niezbędne pliki cookie przyczyniają się do użyteczności strony poprzez umożliwianie podstawowych funkcji takich jak nawigacja na stronie i dostęp do bezpiecznych obszarów strony internetowej. Strona internetowa nie może funkcjonować poprawnie bez tych ciasteczek.Cookiebot2Dowiedz się więcej na temat tego dostawcy1.gifUsed to count the number of sessions to the website, necessary for optimizing CMP product delivery.Maksymalny okres przechowywania: SesyjneRodzaj: Śledzenie pikseliCookieConsentStores the user's cookie consent state for the current domainMaksymalny okres przechowywania: 1 rokRodzaj: Plik cookie HTTPGoogle1Dowiedz się więcej na temat tego dostawcySome of the data collected by this provider is for the purposes of personalization and measuring advertising effectiveness.test_cookieUsed to check if the user's browser supports cookies.Maksymalny okres przechowywania: 1 dzieńRodzaj: Plik cookie HTTPMatterport1Dowiedz się więcej na temat tego dostawcysc_anonymous_idUsed in context with the 3D-view-function on the website.Maksymalny okres przechowywania: StałeRodzaj: Lokalny magazyn HTMLheyzine.com1heyzine_sessionUsed to optimize the website’s e-book/magazine reader. Collects information regarding page-number, zoom depth etc. and maintains these preferences across session.Maksymalny okres przechowywania: 3 miesięcyRodzaj: Plik cookie HTTPPreferencje1Pliki cookie dotyczące preferencji umożliwiają stronie zapamiętanie informacji, które zmieniają wygląd lub funkcjonowanie strony, np. preferowany język lub region, w którym znajduje się użytkownik.www.victoriadom.pl1@@scroll#W oczekiwaniuMaksymalny okres przechowywania: SesyjneRodzaj: Lokalny magazyn HTMLStatystyka4Statystyczne pliki cookie pomagają właścicielem stron internetowych zrozumieć, w jaki sposób różni użytkownicy zachowują się na stronie, gromadząc i zgłaszając anonimowe informacje.Hotjar4Dowiedz się więcej na temat tego dostawcy_hjSession_#Collects statistics on the visitor's visits to the website, such as the number of visits, average time spent on the website and what pages have been read.Maksymalny okres przechowywania: 1 dzieńRodzaj: Plik cookie HTTP_hjSessionUser_#Collects statistics on the visitor's visits to the website, such as the number of visits, average time spent on the website and what pages have been read.Maksymalny okres przechowywania: 1 rokRodzaj: Plik cookie HTTP_hjTLDTestRegisters statistical data on users' behaviour on the website. Used for internal analytics by the website operator.Maksymalny okres przechowywania: SesyjneRodzaj: Plik cookie HTTP_hjCookieTestCollects data on the user’s navigation and behavior on the website. This is used to compile statistical reports and heatmaps for the website owner.Maksymalny okres przechowywania: SesyjneRodzaj: Plik cookie HTTPMarketing25Marketingowe pliki cookie stosowane są w celu śledzenia użytkowników na stronach internetowych. Celem jest wyświetlanie reklam, które są istotne i interesujące dla poszczególnych użytkowników i tym samym bardziej cenne dla wydawców i reklamodawców strony trzeciej.Meta Platforms, Inc.5Dowiedz się więcej na temat tego dostawcylastExternalReferrerW oczekiwaniuMaksymalny okres przechowywania: StałeRodzaj: Lokalny magazyn HTMLlastExternalReferrerTimeW oczekiwaniuMaksymalny okres przechowywania: StałeRodzaj: Lokalny magazyn HTML_fbp [x3]Used by Facebook to deliver a series of advertisement products such as real time bidding from third party advertisers.Maksymalny okres przechowywania: 3 miesięcyRodzaj: Plik cookie HTTPGoogle12Dowiedz się więcej na temat tego dostawcySome of the data collected by this provider is for the purposes of personalization and measuring advertising effectiveness.IDEUsed by Google DoubleClick to register and report the website user's actions after viewing or clicking one of the advertiser's ads with the purpose of measuring the efficacy of an ad and to present targeted ads to the user.Maksymalny okres przechowywania: 400 dniRodzaj: Plik cookie HTTPpagead/1p-user-list/#Tracks if the user has shown interest in specific products or events across multiple websites and detects how the user navigates between sites. This is used for measurement of advertisement efforts and facilitates payment of referral-fees between websites.Maksymalny okres przechowywania: SesyjneRodzaj: Śledzenie pikseli_ga [x4]Used to send data to Google Analytics about the visitor's device and behavior. Tracks the visitor across devices and marketing channels.Maksymalny okres przechowywania: 2 latRodzaj: Plik cookie HTTP_ga_# [x4]Used to send data to Google Analytics about the visitor's device and behavior. Tracks the visitor across devices and marketing channels.Maksymalny okres przechowywania: 2 latRodzaj: Plik cookie HTTP_gidUsed to send data to Google Analytics about the visitor's device and behavior. Tracks the visitor across devices and marketing channels.Maksymalny okres przechowywania: 1 dzieńRodzaj: Plik cookie HTTP_gcl_auUsed by Google AdSense for experimenting with advertisement efficiency across websites using their services.Maksymalny okres przechowywania: 3 miesięcyRodzaj: Plik cookie HTTPMicrosoft8Dowiedz się więcej na temat tego dostawcy_uetsidUsed to track visitors on multiple websites, in order to present relevant advertisement based on the visitor's preferences.Maksymalny okres przechowywania: StałeRodzaj: Lokalny magazyn HTML_uetsid_expContains the expiry-date for the cookie with corresponding name.Maksymalny okres przechowywania: StałeRodzaj: Lokalny magazyn HTML_uetvidUsed to track visitors on multiple websites, in order to present relevant advertisement based on the visitor's preferences.Maksymalny okres przechowywania: StałeRodzaj: Lokalny magazyn HTML_uetvid_expContains the expiry-date for the cookie with corresponding name.Maksymalny okres przechowywania: StałeRodzaj: Lokalny magazyn HTMLMSPTCW oczekiwaniuMaksymalny okres przechowywania: 1 rokRodzaj: Plik cookie HTTPMUIDW oczekiwaniuMaksymalny okres przechowywania: 1 rokRodzaj: Plik cookie HTTP_uetsidCollects data on visitor behaviour from multiple websites, in order to present more relevant advertisement - This also allows the website to limit the number of times that they are shown the same advertisement.Maksymalny okres przechowywania: 1 dzieńRodzaj: Plik cookie HTTP_uetvidUsed to track visitors on multiple websites, in order to present relevant advertisement based on the visitor's preferences.Maksymalny okres przechowywania: 1 rokRodzaj: Plik cookie HTTPNieklasyfikowane38Nieklasyfikowane pliki cookie, to pliki, które są w procesie klasyfikowania, wraz z dostawcami poszczególnych ciasteczek.Microsoft9Dowiedz się więcej na temat tego dostawcy3desm__compare-flats-71c8199b-05ba-4167-9fd2-3b9b1bbf17c7W oczekiwaniuMaksymalny okres przechowywania: StałeRodzaj: Lokalny magazyn HTML3desm__compare-flats-71c8199b-05ba-4167-9fd2-3b9b1bbf17c7-custom-crm-idsW oczekiwaniuMaksymalny okres przechowywania: StałeRodzaj: Lokalny magazyn HTML3desm__compare-flats-71c8199b-05ba-4167-9fd2-3b9b1bbf17c7-nameW oczekiwaniuMaksymalny okres przechowywania: StałeRodzaj: Lokalny magazyn HTMLexternal_languageW oczekiwaniuMaksymalny okres przechowywania: StałeRodzaj: Lokalny magazyn HTMLsalesmanEmailW oczekiwaniuMaksymalny okres przechowywania: StałeRodzaj: Lokalny magazyn HTMLsm3de_viewVisitedW oczekiwaniuMaksymalny okres przechowywania: StałeRodzaj: Lokalny magazyn HTMLsm3de_wasCookieInfoShownBeforeW oczekiwaniuMaksymalny okres przechowywania: StałeRodzaj: Lokalny magazyn HTMLsm3de_wasRotateGuideSeenBeforeW oczekiwaniuMaksymalny okres przechowywania: StałeRodzaj: Lokalny magazyn HTMLsortByGenericW oczekiwaniuMaksymalny okres przechowywania: StałeRodzaj: Lokalny magazyn HTMLtours.3destate.pl1_3deoa-tour-player-is-guide-seenW oczekiwaniuMaksymalny okres przechowywania: StałeRodzaj: Lokalny magazyn HTMLvictoriadom-warszawa-metroart4.sensevr.pl1TUTORIAL_STATEW oczekiwaniuMaksymalny okres przechowywania: SesyjneRodzaj: Lokalny magazyn HTMLwww.victoriadom.pl27/warszawa/miasteczko-julianow-1-Rabat nawet do 700 zł/m2 - Miasteczko JulianówW oczekiwaniuMaksymalny okres przechowywania: SesyjneRodzaj: Lokalny magazyn HTML/warszawa/neo-nova-ochota-Rabat do 700 zł/m2 na osiedlu Neo Nova Ochota od Victoria DomW oczekiwaniuMaksymalny okres przechowywania: SesyjneRodzaj: Lokalny magazyn HTML-pop-up-final6W oczekiwaniuMaksymalny okres przechowywania: SesyjneRodzaj: Lokalny magazyn HTMLurl-metro-art-Metro Art 10W oczekiwaniuMaksymalny okres przechowywania: SesyjneRodzaj: Lokalny magazyn HTMLurl-metro-art-Metro Art 11W oczekiwaniuMaksymalny okres przechowywania: SesyjneRodzaj: Lokalny magazyn HTMLurl-metro-art-Metro Art 4W oczekiwaniuMaksymalny okres przechowywania: SesyjneRodzaj: Lokalny magazyn HTMLurl-metro-art-Metro Art 8W oczekiwaniuMaksymalny okres przechowywania: SesyjneRodzaj: Lokalny magazyn HTMLurl-metro-art-Metro Art 9W oczekiwaniuMaksymalny okres przechowywania: SesyjneRodzaj: Lokalny magazyn HTMLurl-miasteczko-julianow-Miasteczko JulianówW oczekiwaniuMaksymalny okres przechowywania: SesyjneRodzaj: Lokalny magazyn HTMLurl-miasteczko-nova-ochota-Miasteczko Nova Ochota 11W oczekiwaniuMaksymalny okres przechowywania: SesyjneRodzaj: Lokalny magazyn HTMLurl-miasteczko-nova-sfera-3-Miasteczko Nova Sfera 3W oczekiwaniuMaksymalny okres przechowywania: SesyjneRodzaj: Lokalny magazyn HTMLurl-neo-nova-ochota-Neo Nova OchotaW oczekiwaniuMaksymalny okres przechowywania: SesyjneRodzaj: Lokalny magazyn HTMLurl-neo-nova-ochota-Neo Nova Ochota 2W oczekiwaniuMaksymalny okres przechowywania: SesyjneRodzaj: Lokalny magazyn HTMLurl-nova-viva-garden-Nova Viva Garden 5W oczekiwaniuMaksymalny okres przechowywania: SesyjneRodzaj: Lokalny magazyn HTMLurl-nova-viva-garden-Nova Viva Garden 6W oczekiwaniuMaksymalny okres przechowywania: SesyjneRodzaj: Lokalny magazyn HTMLurl-olchowy-park-1-Olchowy Park 1W oczekiwaniuMaksymalny okres przechowywania: SesyjneRodzaj: Lokalny magazyn HTMLurl-olchowy-park-2-Olchowy Park 2W oczekiwaniuMaksymalny okres przechowywania: SesyjneRodzaj: Lokalny magazyn HTMLurl-olchowy-park-6-Olchowy Park 6W oczekiwaniuMaksymalny okres przechowywania: SesyjneRodzaj: Lokalny magazyn HTMLurl-olchowy-park-Olchowy Park 4W oczekiwaniuMaksymalny okres przechowywania: SesyjneRodzaj: Lokalny magazyn HTMLurl-olchowy-park-Olchowy Park 5W oczekiwaniuMaksymalny okres przechowywania: SesyjneRodzaj: Lokalny magazyn HTMLurl-olchowy-park-Olchowy Park 7W oczekiwaniuMaksymalny okres przechowywania: SesyjneRodzaj: Lokalny magazyn HTMLurl-osiedle-krzewna-3-Osiedle Krzewna 3W oczekiwaniuMaksymalny okres przechowywania: SesyjneRodzaj: Lokalny magazyn HTMLurl-przystanek-tarchomin-Przystanek Tarchomin 5W oczekiwaniuMaksymalny okres przechowywania: SesyjneRodzaj: Lokalny magazyn HTMLurl-viva-piast-Viva Piast 4W oczekiwaniuMaksymalny okres przechowywania: SesyjneRodzaj: Lokalny magazyn HTMLurl-viva-piast-Viva Piast 5W oczekiwaniuMaksymalny okres przechowywania: SesyjneRodzaj: Lokalny magazyn HTMLUTM_PARAMSW oczekiwaniuMaksymalny okres przechowywania: SesyjneRodzaj: Lokalny magazyn HTML-VD_NNO_popup_08.11.2024_2W oczekiwaniuMaksymalny okres przechowywania: SesyjneRodzaj: Lokalny magazyn HTMLZgoda międzydomenowa[#BULK_CONSENT_DOMAINS_COUNT#][#BULK_CONSENT_TITLE#]Lista domen, których dotyczy Twoja zgoda:[#BULK_CONSENT_DOMAINS#]Deklarację dot. plików cookie zaktualizowano ostatnio 18.11.2024 przezCookiebot"
div,"{'id': 'CybotCookiebotDialogTabContentDetails', 'class': ['CybotCookiebotDialogTabPanel', 'CybotCookiebotDialogHide', 'CybotCookiebotScrollArea'], 'role': 'tabpanel', 'aria-labelledby': 'CybotCookiebotDialogNavDetails', 'lang': 'pl'}","Niezbędne5Niezbędne pliki cookie przyczyniają się do użyteczności strony poprzez umożliwianie podstawowych funkcji takich jak nawigacja na stronie i dostęp do bezpiecznych obszarów strony internetowej. Strona internetowa nie może funkcjonować poprawnie bez tych ciasteczek.Cookiebot2Dowiedz się więcej na temat tego dostawcy1.gifUsed to count the number of sessions to the website, necessary for optimizing CMP product delivery.Maksymalny okres przechowywania: SesyjneRodzaj: Śledzenie pikseliCookieConsentStores the user's cookie consent state for the current domainMaksymalny okres przechowywania: 1 rokRodzaj: Plik cookie HTTPGoogle1Dowiedz się więcej na temat tego dostawcySome of the data collected by this provider is for the purposes of personalization and measuring advertising effectiveness.test_cookieUsed to check if the user's browser supports cookies.Maksymalny okres przechowywania: 1 dzieńRodzaj: Plik cookie HTTPMatterport1Dowiedz się więcej na temat tego dostawcysc_anonymous_idUsed in context with the 3D-view-function on the website.Maksymalny okres przechowywania: StałeRodzaj: Lokalny magazyn HTMLheyzine.com1heyzine_sessionUsed to optimize the website’s e-book/magazine reader. Collects information regarding page-number, zoom depth etc. and maintains these preferences across session.Maksymalny okres przechowywania: 3 miesięcyRodzaj: Plik cookie HTTPPreferencje1Pliki cookie dotyczące preferencji umożliwiają stronie zapamiętanie informacji, które zmieniają wygląd lub funkcjonowanie strony, np. preferowany język lub region, w którym znajduje się użytkownik.www.victoriadom.pl1@@scroll#W oczekiwaniuMaksymalny okres przechowywania: SesyjneRodzaj: Lokalny magazyn HTMLStatystyka4Statystyczne pliki cookie pomagają właścicielem stron internetowych zrozumieć, w jaki sposób różni użytkownicy zachowują się na stronie, gromadząc i zgłaszając anonimowe informacje.Hotjar4Dowiedz się więcej na temat tego dostawcy_hjSession_#Collects statistics on the visitor's visits to the website, such as the number of visits, average time spent on the website and what pages have been read.Maksymalny okres przechowywania: 1 dzieńRodzaj: Plik cookie HTTP_hjSessionUser_#Collects statistics on the visitor's visits to the website, such as the number of visits, average time spent on the website and what pages have been read.Maksymalny okres przechowywania: 1 rokRodzaj: Plik cookie HTTP_hjTLDTestRegisters statistical data on users' behaviour on the website. Used for internal analytics by the website operator.Maksymalny okres przechowywania: SesyjneRodzaj: Plik cookie HTTP_hjCookieTestCollects data on the user’s navigation and behavior on the website. This is used to compile statistical reports and heatmaps for the website owner.Maksymalny okres przechowywania: SesyjneRodzaj: Plik cookie HTTPMarketing25Marketingowe pliki cookie stosowane są w celu śledzenia użytkowników na stronach internetowych. Celem jest wyświetlanie reklam, które są istotne i interesujące dla poszczególnych użytkowników i tym samym bardziej cenne dla wydawców i reklamodawców strony trzeciej.Meta Platforms, Inc.5Dowiedz się więcej na temat tego dostawcylastExternalReferrerW oczekiwaniuMaksymalny okres przechowywania: StałeRodzaj: Lokalny magazyn HTMLlastExternalReferrerTimeW oczekiwaniuMaksymalny okres przechowywania: StałeRodzaj: Lokalny magazyn HTML_fbp [x3]Used by Facebook to deliver a series of advertisement products such as real time bidding from third party advertisers.Maksymalny okres przechowywania: 3 miesięcyRodzaj: Plik cookie HTTPGoogle12Dowiedz się więcej na temat tego dostawcySome of the data collected by this provider is for the purposes of personalization and measuring advertising effectiveness.IDEUsed by Google DoubleClick to register and report the website user's actions after viewing or clicking one of the advertiser's ads with the purpose of measuring the efficacy of an ad and to present targeted ads to the user.Maksymalny okres przechowywania: 400 dniRodzaj: Plik cookie HTTPpagead/1p-user-list/#Tracks if the user has shown interest in specific products or events across multiple websites and detects how the user navigates between sites. This is used for measurement of advertisement efforts and facilitates payment of referral-fees between websites.Maksymalny okres przechowywania: SesyjneRodzaj: Śledzenie pikseli_ga [x4]Used to send data to Google Analytics about the visitor's device and behavior. Tracks the visitor across devices and marketing channels.Maksymalny okres przechowywania: 2 latRodzaj: Plik cookie HTTP_ga_# [x4]Used to send data to Google Analytics about the visitor's device and behavior. Tracks the visitor across devices and marketing channels.Maksymalny okres przechowywania: 2 latRodzaj: Plik cookie HTTP_gidUsed to send data to Google Analytics about the visitor's device and behavior. Tracks the visitor across devices and marketing channels.Maksymalny okres przechowywania: 1 dzieńRodzaj: Plik cookie HTTP_gcl_auUsed by Google AdSense for experimenting with advertisement efficiency across websites using their services.Maksymalny okres przechowywania: 3 miesięcyRodzaj: Plik cookie HTTPMicrosoft8Dowiedz się więcej na temat tego dostawcy_uetsidUsed to track visitors on multiple websites, in order to present relevant advertisement based on the visitor's preferences.Maksymalny okres przechowywania: StałeRodzaj: Lokalny magazyn HTML_uetsid_expContains the expiry-date for the cookie with corresponding name.Maksymalny okres przechowywania: StałeRodzaj: Lokalny magazyn HTML_uetvidUsed to track visitors on multiple websites, in order to present relevant advertisement based on the visitor's preferences.Maksymalny okres przechowywania: StałeRodzaj: Lokalny magazyn HTML_uetvid_expContains the expiry-date for the cookie with corresponding name.Maksymalny okres przechowywania: StałeRodzaj: Lokalny magazyn HTMLMSPTCW oczekiwaniuMaksymalny okres przechowywania: 1 rokRodzaj: Plik cookie HTTPMUIDW oczekiwaniuMaksymalny okres przechowywania: 1 rokRodzaj: Plik cookie HTTP_uetsidCollects data on visitor behaviour from multiple websites, in order to present more relevant advertisement - This also allows the website to limit the number of times that they are shown the same advertisement.Maksymalny okres przechowywania: 1 dzieńRodzaj: Plik cookie HTTP_uetvidUsed to track visitors on multiple websites, in order to present relevant advertisement based on the visitor's preferences.Maksymalny okres przechowywania: 1 rokRodzaj: Plik cookie HTTPNieklasyfikowane38Nieklasyfikowane pliki cookie, to pliki, które są w procesie klasyfikowania, wraz z dostawcami poszczególnych ciasteczek.Microsoft9Dowiedz się więcej na temat tego dostawcy3desm__compare-flats-71c8199b-05ba-4167-9fd2-3b9b1bbf17c7W oczekiwaniuMaksymalny okres przechowywania: StałeRodzaj: Lokalny magazyn HTML3desm__compare-flats-71c8199b-05ba-4167-9fd2-3b9b1bbf17c7-custom-crm-idsW oczekiwaniuMaksymalny okres przechowywania: StałeRodzaj: Lokalny magazyn HTML3desm__compare-flats-71c8199b-05ba-4167-9fd2-3b9b1bbf17c7-nameW oczekiwaniuMaksymalny okres przechowywania: StałeRodzaj: Lokalny magazyn HTMLexternal_languageW oczekiwaniuMaksymalny okres przechowywania: StałeRodzaj: Lokalny magazyn HTMLsalesmanEmailW oczekiwaniuMaksymalny okres przechowywania: StałeRodzaj: Lokalny magazyn HTMLsm3de_viewVisitedW oczekiwaniuMaksymalny okres przechowywania: StałeRodzaj: Lokalny magazyn HTMLsm3de_wasCookieInfoShownBeforeW oczekiwaniuMaksymalny okres przechowywania: StałeRodzaj: Lokalny magazyn HTMLsm3de_wasRotateGuideSeenBeforeW oczekiwaniuMaksymalny okres przechowywania: StałeRodzaj: Lokalny magazyn HTMLsortByGenericW oczekiwaniuMaksymalny okres przechowywania: StałeRodzaj: Lokalny magazyn HTMLtours.3destate.pl1_3deoa-tour-player-is-guide-seenW oczekiwaniuMaksymalny okres przechowywania: StałeRodzaj: Lokalny magazyn HTMLvictoriadom-warszawa-metroart4.sensevr.pl1TUTORIAL_STATEW oczekiwaniuMaksymalny okres przechowywania: SesyjneRodzaj: Lokalny magazyn HTMLwww.victoriadom.pl27/warszawa/miasteczko-julianow-1-Rabat nawet do 700 zł/m2 - Miasteczko JulianówW oczekiwaniuMaksymalny okres przechowywania: SesyjneRodzaj: Lokalny magazyn HTML/warszawa/neo-nova-ochota-Rabat do 700 zł/m2 na osiedlu Neo Nova Ochota od Victoria DomW oczekiwaniuMaksymalny okres przechowywania: SesyjneRodzaj: Lokalny magazyn HTML-pop-up-final6W oczekiwaniuMaksymalny okres przechowywania: SesyjneRodzaj: Lokalny magazyn HTMLurl-metro-art-Metro Art 10W oczekiwaniuMaksymalny okres przechowywania: SesyjneRodzaj: Lokalny magazyn HTMLurl-metro-art-Metro Art 11W oczekiwaniuMaksymalny okres przechowywania: SesyjneRodzaj: Lokalny magazyn HTMLurl-metro-art-Metro Art 4W oczekiwaniuMaksymalny okres przechowywania: SesyjneRodzaj: Lokalny magazyn HTMLurl-metro-art-Metro Art 8W oczekiwaniuMaksymalny okres przechowywania: SesyjneRodzaj: Lokalny magazyn HTMLurl-metro-art-Metro Art 9W oczekiwaniuMaksymalny okres przechowywania: SesyjneRodzaj: Lokalny magazyn HTMLurl-miasteczko-julianow-Miasteczko JulianówW oczekiwaniuMaksymalny okres przechowywania: SesyjneRodzaj: Lokalny magazyn HTMLurl-miasteczko-nova-ochota-Miasteczko Nova Ochota 11W oczekiwaniuMaksymalny okres przechowywania: SesyjneRodzaj: Lokalny magazyn HTMLurl-miasteczko-nova-sfera-3-Miasteczko Nova Sfera 3W oczekiwaniuMaksymalny okres przechowywania: SesyjneRodzaj: Lokalny magazyn HTMLurl-neo-nova-ochota-Neo Nova OchotaW oczekiwaniuMaksymalny okres przechowywania: SesyjneRodzaj: Lokalny magazyn HTMLurl-neo-nova-ochota-Neo Nova Ochota 2W oczekiwaniuMaksymalny okres przechowywania: SesyjneRodzaj: Lokalny magazyn HTMLurl-nova-viva-garden-Nova Viva Garden 5W oczekiwaniuMaksymalny okres przechowywania: SesyjneRodzaj: Lokalny magazyn HTMLurl-nova-viva-garden-Nova Viva Garden 6W oczekiwaniuMaksymalny okres przechowywania: SesyjneRodzaj: Lokalny magazyn HTMLurl-olchowy-park-1-Olchowy Park 1W oczekiwaniuMaksymalny okres przechowywania: SesyjneRodzaj: Lokalny magazyn HTMLurl-olchowy-park-2-Olchowy Park 2W oczekiwaniuMaksymalny okres przechowywania: SesyjneRodzaj: Lokalny magazyn HTMLurl-olchowy-park-6-Olchowy Park 6W oczekiwaniuMaksymalny okres przechowywania: SesyjneRodzaj: Lokalny magazyn HTMLurl-olchowy-park-Olchowy Park 4W oczekiwaniuMaksymalny okres przechowywania: SesyjneRodzaj: Lokalny magazyn HTMLurl-olchowy-park-Olchowy Park 5W oczekiwaniuMaksymalny okres przechowywania: SesyjneRodzaj: Lokalny magazyn HTMLurl-olchowy-park-Olchowy Park 7W oczekiwaniuMaksymalny okres przechowywania: SesyjneRodzaj: Lokalny magazyn HTMLurl-osiedle-krzewna-3-Osiedle Krzewna 3W oczekiwaniuMaksymalny okres przechowywania: SesyjneRodzaj: Lokalny magazyn HTMLurl-przystanek-tarchomin-Przystanek Tarchomin 5W oczekiwaniuMaksymalny okres przechowywania: SesyjneRodzaj: Lokalny magazyn HTMLurl-viva-piast-Viva Piast 4W oczekiwaniuMaksymalny okres przechowywania: SesyjneRodzaj: Lokalny magazyn HTMLurl-viva-piast-Viva Piast 5W oczekiwaniuMaksymalny okres przechowywania: SesyjneRodzaj: Lokalny magazyn HTMLUTM_PARAMSW oczekiwaniuMaksymalny okres przechowywania: SesyjneRodzaj: Lokalny magazyn HTML-VD_NNO_popup_08.11.2024_2W oczekiwaniuMaksymalny okres przechowywania: SesyjneRodzaj: Lokalny magazyn HTMLZgoda międzydomenowa[#BULK_CONSENT_DOMAINS_COUNT#][#BULK_CONSENT_TITLE#]Lista domen, których dotyczy Twoja zgoda:[#BULK_CONSENT_DOMAINS#]Deklarację dot. plików cookie zaktualizowano ostatnio 18.11.2024 przezCookiebot"
div,"{'class': ['CybotCookiebotFader'], 'style': 'background-image: linear-gradient(to top, rgb(255, 255, 255), rgba(255, 255, 255, 0.8), rgba(255, 255, 255, 0));'}",
div,{'class': ['CybotCookiebotDialogDetailBodyContentCookieContainerHeader']},Niezbędne5
div,"{'class': ['CybotCookiebotDialogBodyLevelButtonSliderWrapper', 'CybotCookiebotDialogBodyLevelButtonSliderWrapperDisabled']}",
div,{'class': ['CybotCookiebotDialogDetailBodyContentCookieTypeIntro']},Niezbędne pliki cookie przyczyniają się do użyteczności strony poprzez umożliwianie podstawowych funkcji takich jak nawigacja na stronie i dostęp do bezpiecznych obszarów strony internetowej. Strona internetowa nie może funkcjonować poprawnie bez tych ciasteczek.
div,"{'id': 'CybotCookiebotDialogDetailBodyContentCookieTabsNecessary', 'class': ['CollapseCard', 'CybotCookiebotDialogHide'], 'aria-labelledby': 'CybotCookiebotDialogDetailBodyContentCookieContainerNecessaryCard'}","Cookiebot2Dowiedz się więcej na temat tego dostawcy1.gifUsed to count the number of sessions to the website, necessary for optimizing CMP product delivery.Maksymalny okres przechowywania: SesyjneRodzaj: Śledzenie pikseliCookieConsentStores the user's cookie consent state for the current domainMaksymalny okres przechowywania: 1 rokRodzaj: Plik cookie HTTPGoogle1Dowiedz się więcej na temat tego dostawcySome of the data collected by this provider is for the purposes of personalization and measuring advertising effectiveness.test_cookieUsed to check if the user's browser supports cookies.Maksymalny okres przechowywania: 1 dzieńRodzaj: Plik cookie HTTPMatterport1Dowiedz się więcej na temat tego dostawcysc_anonymous_idUsed in context with the 3D-view-function on the website.Maksymalny okres przechowywania: StałeRodzaj: Lokalny magazyn HTMLheyzine.com1heyzine_sessionUsed to optimize the website’s e-book/magazine reader. Collects information regarding page-number, zoom depth etc. and maintains these preferences across session.Maksymalny okres przechowywania: 3 miesięcyRodzaj: Plik cookie HTTP"
div,{'class': ['CybotCookiebotDialogDetailBodyContentCookieTypeTableContainer']},"Cookiebot2Dowiedz się więcej na temat tego dostawcy1.gifUsed to count the number of sessions to the website, necessary for optimizing CMP product delivery.Maksymalny okres przechowywania: SesyjneRodzaj: Śledzenie pikseliCookieConsentStores the user's cookie consent state for the current domainMaksymalny okres przechowywania: 1 rokRodzaj: Plik cookie HTTPGoogle1Dowiedz się więcej na temat tego dostawcySome of the data collected by this provider is for the purposes of personalization and measuring advertising effectiveness.test_cookieUsed to check if the user's browser supports cookies.Maksymalny okres przechowywania: 1 dzieńRodzaj: Plik cookie HTTPMatterport1Dowiedz się więcej na temat tego dostawcysc_anonymous_idUsed in context with the 3D-view-function on the website.Maksymalny okres przechowywania: StałeRodzaj: Lokalny magazyn HTMLheyzine.com1heyzine_sessionUsed to optimize the website’s e-book/magazine reader. Collects information regarding page-number, zoom depth etc. and maintains these preferences across session.Maksymalny okres przechowywania: 3 miesięcyRodzaj: Plik cookie HTTP"
div,"{'class': ['CybotCookiebotDialogDetailBodyContentCookieInfoCount', 'CybotCookiebotDialogDetailBulkConsentCount']}",2
div,"{'class': ['CybotCookiebotDialogDetailBodyContentCookieInfoWrapper', 'CybotCookiebotDialogHide']}","1.gifUsed to count the number of sessions to the website, necessary for optimizing CMP product delivery.Maksymalny okres przechowywania: SesyjneRodzaj: Śledzenie pikseliCookieConsentStores the user's cookie consent state for the current domainMaksymalny okres przechowywania: 1 rokRodzaj: Plik cookie HTTP"
div,{'class': ['CybotCookiebotDialogDetailBodyContentCookieInfo']},"1.gifUsed to count the number of sessions to the website, necessary for optimizing CMP product delivery.Maksymalny okres przechowywania: SesyjneRodzaj: Śledzenie pikseli"
div,{'class': ['CybotCookiebotDialogDetailBodyContentCookieInfoFooter']},Maksymalny okres przechowywania: SesyjneRodzaj: Śledzenie pikseli
div,{'class': ['CybotCookiebotDialogDetailBodyContentCookieInfo']},CookieConsentStores the user's cookie consent state for the current domainMaksymalny okres przechowywania: 1 rokRodzaj: Plik cookie HTTP
div,{'class': ['CybotCookiebotDialogDetailBodyContentCookieInfoFooter']},Maksymalny okres przechowywania: 1 rokRodzaj: Plik cookie HTTP
div,"{'class': ['CybotCookiebotDialogDetailBodyContentCookieInfoCount', 'CybotCookiebotDialogDetailBulkConsentCount']}",1
div,"{'class': ['CybotCookiebotDialogDetailBodyContentCookieInfoWrapper', 'CybotCookiebotDialogHide']}",Some of the data collected by this provider is for the purposes of personalization and measuring advertising effectiveness.test_cookieUsed to check if the user's browser supports cookies.Maksymalny okres przechowywania: 1 dzieńRodzaj: Plik cookie HTTP
div,{'class': ['CybotCookiebotDialogDetailBodyContentCookieInfo']},test_cookieUsed to check if the user's browser supports cookies.Maksymalny okres przechowywania: 1 dzieńRodzaj: Plik cookie HTTP
div,{'class': ['CybotCookiebotDialogDetailBodyContentCookieInfoFooter']},Maksymalny okres przechowywania: 1 dzieńRodzaj: Plik cookie HTTP
div,"{'class': ['CybotCookiebotDialogDetailBodyContentCookieInfoCount', 'CybotCookiebotDialogDetailBulkConsentCount']}",1
div,"{'class': ['CybotCookiebotDialogDetailBodyContentCookieInfoWrapper', 'CybotCookiebotDialogHide']}",sc_anonymous_idUsed in context with the 3D-view-function on the website.Maksymalny okres przechowywania: StałeRodzaj: Lokalny magazyn HTML
div,{'class': ['CybotCookiebotDialogDetailBodyContentCookieInfo']},sc_anonymous_idUsed in context with the 3D-view-function on the website.Maksymalny okres przechowywania: StałeRodzaj: Lokalny magazyn HTML
div,{'class': ['CybotCookiebotDialogDetailBodyContentCookieInfoFooter']},Maksymalny okres przechowywania: StałeRodzaj: Lokalny magazyn HTML
div,"{'class': ['CybotCookiebotDialogDetailBodyContentCookieInfoCount', 'CybotCookiebotDialogDetailBulkConsentCount']}",1
div,"{'class': ['CybotCookiebotDialogDetailBodyContentCookieInfoWrapper', 'CybotCookiebotDialogHide']}","heyzine_sessionUsed to optimize the website’s e-book/magazine reader. Collects information regarding page-number, zoom depth etc. and maintains these preferences across session.Maksymalny okres przechowywania: 3 miesięcyRodzaj: Plik cookie HTTP"
div,{'class': ['CybotCookiebotDialogDetailBodyContentCookieInfo']},"heyzine_sessionUsed to optimize the website’s e-book/magazine reader. Collects information regarding page-number, zoom depth etc. and maintains these preferences across session.Maksymalny okres przechowywania: 3 miesięcyRodzaj: Plik cookie HTTP"
div,{'class': ['CybotCookiebotDialogDetailBodyContentCookieInfoFooter']},Maksymalny okres przechowywania: 3 miesięcyRodzaj: Plik cookie HTTP
div,{'class': ['CybotCookiebotDialogDetailBodyContentCookieContainerHeader']},Preferencje1
div,{'class': ['CybotCookiebotDialogBodyLevelButtonSliderWrapper']},
div,{'class': ['CybotCookiebotDialogDetailBodyContentCookieTypeIntro']},"Pliki cookie dotyczące preferencji umożliwiają stronie zapamiętanie informacji, które zmieniają wygląd lub funkcjonowanie strony, np. preferowany język lub region, w którym znajduje się użytkownik."
div,"{'id': 'CybotCookiebotDialogDetailBodyContentCookieTabsPreference', 'class': ['CollapseCard', 'CybotCookiebotDialogHide'], 'aria-labelledby': 'CybotCookiebotDialogDetailBodyContentCookieContainerPreferenceCard'}",www.victoriadom.pl1@@scroll#W oczekiwaniuMaksymalny okres przechowywania: SesyjneRodzaj: Lokalny magazyn HTML
div,{'class': ['CybotCookiebotDialogDetailBodyContentCookieTypeTableContainer']},www.victoriadom.pl1@@scroll#W oczekiwaniuMaksymalny okres przechowywania: SesyjneRodzaj: Lokalny magazyn HTML
div,"{'class': ['CybotCookiebotDialogDetailBodyContentCookieInfoCount', 'CybotCookiebotDialogDetailBulkConsentCount']}",1
div,"{'class': ['CybotCookiebotDialogDetailBodyContentCookieInfoWrapper', 'CybotCookiebotDialogHide']}",@@scroll#W oczekiwaniuMaksymalny okres przechowywania: SesyjneRodzaj: Lokalny magazyn HTML
div,{'class': ['CybotCookiebotDialogDetailBodyContentCookieInfo']},@@scroll#W oczekiwaniuMaksymalny okres przechowywania: SesyjneRodzaj: Lokalny magazyn HTML
div,{'class': ['CybotCookiebotDialogDetailBodyContentCookieInfoFooter']},Maksymalny okres przechowywania: SesyjneRodzaj: Lokalny magazyn HTML
div,{'class': ['CybotCookiebotDialogDetailBodyContentCookieContainerHeader']},Statystyka4
div,{'class': ['CybotCookiebotDialogBodyLevelButtonSliderWrapper']},
div,{'class': ['CybotCookiebotDialogDetailBodyContentCookieTypeIntro']},"Statystyczne pliki cookie pomagają właścicielem stron internetowych zrozumieć, w jaki sposób różni użytkownicy zachowują się na stronie, gromadząc i zgłaszając anonimowe informacje."
div,"{'id': 'CybotCookiebotDialogDetailBodyContentCookieTabsStatistics', 'class': ['CollapseCard', 'CybotCookiebotDialogHide'], 'aria-labelledby': 'CybotCookiebotDialogDetailBodyContentCookieContainerStatisticsCard'}","Hotjar4Dowiedz się więcej na temat tego dostawcy_hjSession_#Collects statistics on the visitor's visits to the website, such as the number of visits, average time spent on the website and what pages have been read.Maksymalny okres przechowywania: 1 dzieńRodzaj: Plik cookie HTTP_hjSessionUser_#Collects statistics on the visitor's visits to the website, such as the number of visits, average time spent on the website and what pages have been read.Maksymalny okres przechowywania: 1 rokRodzaj: Plik cookie HTTP_hjTLDTestRegisters statistical data on users' behaviour on the website. Used for internal analytics by the website operator.Maksymalny okres przechowywania: SesyjneRodzaj: Plik cookie HTTP_hjCookieTestCollects data on the user’s navigation and behavior on the website. This is used to compile statistical reports and heatmaps for the website owner.Maksymalny okres przechowywania: SesyjneRodzaj: Plik cookie HTTP"
div,{'class': ['CybotCookiebotDialogDetailBodyContentCookieTypeTableContainer']},"Hotjar4Dowiedz się więcej na temat tego dostawcy_hjSession_#Collects statistics on the visitor's visits to the website, such as the number of visits, average time spent on the website and what pages have been read.Maksymalny okres przechowywania: 1 dzieńRodzaj: Plik cookie HTTP_hjSessionUser_#Collects statistics on the visitor's visits to the website, such as the number of visits, average time spent on the website and what pages have been read.Maksymalny okres przechowywania: 1 rokRodzaj: Plik cookie HTTP_hjTLDTestRegisters statistical data on users' behaviour on the website. Used for internal analytics by the website operator.Maksymalny okres przechowywania: SesyjneRodzaj: Plik cookie HTTP_hjCookieTestCollects data on the user’s navigation and behavior on the website. This is used to compile statistical reports and heatmaps for the website owner.Maksymalny okres przechowywania: SesyjneRodzaj: Plik cookie HTTP"
div,"{'class': ['CybotCookiebotDialogDetailBodyContentCookieInfoCount', 'CybotCookiebotDialogDetailBulkConsentCount']}",4
div,"{'class': ['CybotCookiebotDialogDetailBodyContentCookieInfoWrapper', 'CybotCookiebotDialogHide']}","_hjSession_#Collects statistics on the visitor's visits to the website, such as the number of visits, average time spent on the website and what pages have been read.Maksymalny okres przechowywania: 1 dzieńRodzaj: Plik cookie HTTP_hjSessionUser_#Collects statistics on the visitor's visits to the website, such as the number of visits, average time spent on the website and what pages have been read.Maksymalny okres przechowywania: 1 rokRodzaj: Plik cookie HTTP_hjTLDTestRegisters statistical data on users' behaviour on the website. Used for internal analytics by the website operator.Maksymalny okres przechowywania: SesyjneRodzaj: Plik cookie HTTP_hjCookieTestCollects data on the user’s navigation and behavior on the website. This is used to compile statistical reports and heatmaps for the website owner.Maksymalny okres przechowywania: SesyjneRodzaj: Plik cookie HTTP"
div,{'class': ['CybotCookiebotDialogDetailBodyContentCookieInfo']},"_hjSession_#Collects statistics on the visitor's visits to the website, such as the number of visits, average time spent on the website and what pages have been read.Maksymalny okres przechowywania: 1 dzieńRodzaj: Plik cookie HTTP"
div,{'class': ['CybotCookiebotDialogDetailBodyContentCookieInfoFooter']},Maksymalny okres przechowywania: 1 dzieńRodzaj: Plik cookie HTTP
div,{'class': ['CybotCookiebotDialogDetailBodyContentCookieInfo']},"_hjSessionUser_#Collects statistics on the visitor's visits to the website, such as the number of visits, average time spent on the website and what pages have been read.Maksymalny okres przechowywania: 1 rokRodzaj: Plik cookie HTTP"
div,{'class': ['CybotCookiebotDialogDetailBodyContentCookieInfoFooter']},Maksymalny okres przechowywania: 1 rokRodzaj: Plik cookie HTTP
div,{'class': ['CybotCookiebotDialogDetailBodyContentCookieInfo']},_hjTLDTestRegisters statistical data on users' behaviour on the website. Used for internal analytics by the website operator.Maksymalny okres przechowywania: SesyjneRodzaj: Plik cookie HTTP
div,{'class': ['CybotCookiebotDialogDetailBodyContentCookieInfoFooter']},Maksymalny okres przechowywania: SesyjneRodzaj: Plik cookie HTTP
div,{'class': ['CybotCookiebotDialogDetailBodyContentCookieInfo']},_hjCookieTestCollects data on the user’s navigation and behavior on the website. This is used to compile statistical reports and heatmaps for the website owner.Maksymalny okres przechowywania: SesyjneRodzaj: Plik cookie HTTP
div,{'class': ['CybotCookiebotDialogDetailBodyContentCookieInfoFooter']},Maksymalny okres przechowywania: SesyjneRodzaj: Plik cookie HTTP
div,{'class': ['CybotCookiebotDialogDetailBodyContentCookieContainerHeader']},Marketing25
div,{'class': ['CybotCookiebotDialogBodyLevelButtonSliderWrapper']},
div,{'class': ['CybotCookiebotDialogDetailBodyContentCookieTypeIntro']},"Marketingowe pliki cookie stosowane są w celu śledzenia użytkowników na stronach internetowych. Celem jest wyświetlanie reklam, które są istotne i interesujące dla poszczególnych użytkowników i tym samym bardziej cenne dla wydawców i reklamodawców strony trzeciej."
div,"{'id': 'CybotCookiebotDialogDetailBodyContentCookieTabsAdvertising', 'class': ['CollapseCard', 'CybotCookiebotDialogHide'], 'aria-labelledby': 'CybotCookiebotDialogDetailBodyContentCookieContainerAdvertisingCard'}","Meta Platforms, Inc.5Dowiedz się więcej na temat tego dostawcylastExternalReferrerW oczekiwaniuMaksymalny okres przechowywania: StałeRodzaj: Lokalny magazyn HTMLlastExternalReferrerTimeW oczekiwaniuMaksymalny okres przechowywania: StałeRodzaj: Lokalny magazyn HTML_fbp [x3]Used by Facebook to deliver a series of advertisement products such as real time bidding from third party advertisers.Maksymalny okres przechowywania: 3 miesięcyRodzaj: Plik cookie HTTPGoogle12Dowiedz się więcej na temat tego dostawcySome of the data collected by this provider is for the purposes of personalization and measuring advertising effectiveness.IDEUsed by Google DoubleClick to register and report the website user's actions after viewing or clicking one of the advertiser's ads with the purpose of measuring the efficacy of an ad and to present targeted ads to the user.Maksymalny okres przechowywania: 400 dniRodzaj: Plik cookie HTTPpagead/1p-user-list/#Tracks if the user has shown interest in specific products or events across multiple websites and detects how the user navigates between sites. This is used for measurement of advertisement efforts and facilitates payment of referral-fees between websites.Maksymalny okres przechowywania: SesyjneRodzaj: Śledzenie pikseli_ga [x4]Used to send data to Google Analytics about the visitor's device and behavior. Tracks the visitor across devices and marketing channels.Maksymalny okres przechowywania: 2 latRodzaj: Plik cookie HTTP_ga_# [x4]Used to send data to Google Analytics about the visitor's device and behavior. Tracks the visitor across devices and marketing channels.Maksymalny okres przechowywania: 2 latRodzaj: Plik cookie HTTP_gidUsed to send data to Google Analytics about the visitor's device and behavior. Tracks the visitor across devices and marketing channels.Maksymalny okres przechowywania: 1 dzieńRodzaj: Plik cookie HTTP_gcl_auUsed by Google AdSense for experimenting with advertisement efficiency across websites using their services.Maksymalny okres przechowywania: 3 miesięcyRodzaj: Plik cookie HTTPMicrosoft8Dowiedz się więcej na temat tego dostawcy_uetsidUsed to track visitors on multiple websites, in order to present relevant advertisement based on the visitor's preferences.Maksymalny okres przechowywania: StałeRodzaj: Lokalny magazyn HTML_uetsid_expContains the expiry-date for the cookie with corresponding name.Maksymalny okres przechowywania: StałeRodzaj: Lokalny magazyn HTML_uetvidUsed to track visitors on multiple websites, in order to present relevant advertisement based on the visitor's preferences.Maksymalny okres przechowywania: StałeRodzaj: Lokalny magazyn HTML_uetvid_expContains the expiry-date for the cookie with corresponding name.Maksymalny okres przechowywania: StałeRodzaj: Lokalny magazyn HTMLMSPTCW oczekiwaniuMaksymalny okres przechowywania: 1 rokRodzaj: Plik cookie HTTPMUIDW oczekiwaniuMaksymalny okres przechowywania: 1 rokRodzaj: Plik cookie HTTP_uetsidCollects data on visitor behaviour from multiple websites, in order to present more relevant advertisement - This also allows the website to limit the number of times that they are shown the same advertisement.Maksymalny okres przechowywania: 1 dzieńRodzaj: Plik cookie HTTP_uetvidUsed to track visitors on multiple websites, in order to present relevant advertisement based on the visitor's preferences.Maksymalny okres przechowywania: 1 rokRodzaj: Plik cookie HTTP"
div,{'class': ['CybotCookiebotDialogDetailBodyContentCookieTypeTableContainer']},"Meta Platforms, Inc.5Dowiedz się więcej na temat tego dostawcylastExternalReferrerW oczekiwaniuMaksymalny okres przechowywania: StałeRodzaj: Lokalny magazyn HTMLlastExternalReferrerTimeW oczekiwaniuMaksymalny okres przechowywania: StałeRodzaj: Lokalny magazyn HTML_fbp [x3]Used by Facebook to deliver a series of advertisement products such as real time bidding from third party advertisers.Maksymalny okres przechowywania: 3 miesięcyRodzaj: Plik cookie HTTPGoogle12Dowiedz się więcej na temat tego dostawcySome of the data collected by this provider is for the purposes of personalization and measuring advertising effectiveness.IDEUsed by Google DoubleClick to register and report the website user's actions after viewing or clicking one of the advertiser's ads with the purpose of measuring the efficacy of an ad and to present targeted ads to the user.Maksymalny okres przechowywania: 400 dniRodzaj: Plik cookie HTTPpagead/1p-user-list/#Tracks if the user has shown interest in specific products or events across multiple websites and detects how the user navigates between sites. This is used for measurement of advertisement efforts and facilitates payment of referral-fees between websites.Maksymalny okres przechowywania: SesyjneRodzaj: Śledzenie pikseli_ga [x4]Used to send data to Google Analytics about the visitor's device and behavior. Tracks the visitor across devices and marketing channels.Maksymalny okres przechowywania: 2 latRodzaj: Plik cookie HTTP_ga_# [x4]Used to send data to Google Analytics about the visitor's device and behavior. Tracks the visitor across devices and marketing channels.Maksymalny okres przechowywania: 2 latRodzaj: Plik cookie HTTP_gidUsed to send data to Google Analytics about the visitor's device and behavior. Tracks the visitor across devices and marketing channels.Maksymalny okres przechowywania: 1 dzieńRodzaj: Plik cookie HTTP_gcl_auUsed by Google AdSense for experimenting with advertisement efficiency across websites using their services.Maksymalny okres przechowywania: 3 miesięcyRodzaj: Plik cookie HTTPMicrosoft8Dowiedz się więcej na temat tego dostawcy_uetsidUsed to track visitors on multiple websites, in order to present relevant advertisement based on the visitor's preferences.Maksymalny okres przechowywania: StałeRodzaj: Lokalny magazyn HTML_uetsid_expContains the expiry-date for the cookie with corresponding name.Maksymalny okres przechowywania: StałeRodzaj: Lokalny magazyn HTML_uetvidUsed to track visitors on multiple websites, in order to present relevant advertisement based on the visitor's preferences.Maksymalny okres przechowywania: StałeRodzaj: Lokalny magazyn HTML_uetvid_expContains the expiry-date for the cookie with corresponding name.Maksymalny okres przechowywania: StałeRodzaj: Lokalny magazyn HTMLMSPTCW oczekiwaniuMaksymalny okres przechowywania: 1 rokRodzaj: Plik cookie HTTPMUIDW oczekiwaniuMaksymalny okres przechowywania: 1 rokRodzaj: Plik cookie HTTP_uetsidCollects data on visitor behaviour from multiple websites, in order to present more relevant advertisement - This also allows the website to limit the number of times that they are shown the same advertisement.Maksymalny okres przechowywania: 1 dzieńRodzaj: Plik cookie HTTP_uetvidUsed to track visitors on multiple websites, in order to present relevant advertisement based on the visitor's preferences.Maksymalny okres przechowywania: 1 rokRodzaj: Plik cookie HTTP"
div,"{'class': ['CybotCookiebotDialogDetailBodyContentCookieInfoCount', 'CybotCookiebotDialogDetailBulkConsentCount']}",5
div,"{'class': ['CybotCookiebotDialogDetailBodyContentCookieInfoWrapper', 'CybotCookiebotDialogHide']}",lastExternalReferrerW oczekiwaniuMaksymalny okres przechowywania: StałeRodzaj: Lokalny magazyn HTMLlastExternalReferrerTimeW oczekiwaniuMaksymalny okres przechowywania: StałeRodzaj: Lokalny magazyn HTML_fbp [x3]Used by Facebook to deliver a series of advertisement products such as real time bidding from third party advertisers.Maksymalny okres przechowywania: 3 miesięcyRodzaj: Plik cookie HTTP
div,{'class': ['CybotCookiebotDialogDetailBodyContentCookieInfo']},lastExternalReferrerW oczekiwaniuMaksymalny okres przechowywania: StałeRodzaj: Lokalny magazyn HTML
div,{'class': ['CybotCookiebotDialogDetailBodyContentCookieInfoFooter']},Maksymalny okres przechowywania: StałeRodzaj: Lokalny magazyn HTML
div,{'class': ['CybotCookiebotDialogDetailBodyContentCookieInfo']},lastExternalReferrerTimeW oczekiwaniuMaksymalny okres przechowywania: StałeRodzaj: Lokalny magazyn HTML
div,{'class': ['CybotCookiebotDialogDetailBodyContentCookieInfoFooter']},Maksymalny okres przechowywania: StałeRodzaj: Lokalny magazyn HTML
div,{'class': ['CybotCookiebotDialogDetailBodyContentCookieInfo']},_fbp [x3]Used by Facebook to deliver a series of advertisement products such as real time bidding from third party advertisers.Maksymalny okres przechowywania: 3 miesięcyRodzaj: Plik cookie HTTP
div,{'class': ['CybotCookiebotDialogDetailBodyContentCookieInfoFooter']},Maksymalny okres przechowywania: 3 miesięcyRodzaj: Plik cookie HTTP
div,"{'class': ['CybotCookiebotDialogDetailBodyContentCookieInfoCount', 'CybotCookiebotDialogDetailBulkConsentCount']}",12
div,"{'class': ['CybotCookiebotDialogDetailBodyContentCookieInfoWrapper', 'CybotCookiebotDialogHide']}",Some of the data collected by this provider is for the purposes of personalization and measuring advertising effectiveness.IDEUsed by Google DoubleClick to register and report the website user's actions after viewing or clicking one of the advertiser's ads with the purpose of measuring the efficacy of an ad and to present targeted ads to the user.Maksymalny okres przechowywania: 400 dniRodzaj: Plik cookie HTTPpagead/1p-user-list/#Tracks if the user has shown interest in specific products or events across multiple websites and detects how the user navigates between sites. This is used for measurement of advertisement efforts and facilitates payment of referral-fees between websites.Maksymalny okres przechowywania: SesyjneRodzaj: Śledzenie pikseli_ga [x4]Used to send data to Google Analytics about the visitor's device and behavior. Tracks the visitor across devices and marketing channels.Maksymalny okres przechowywania: 2 latRodzaj: Plik cookie HTTP_ga_# [x4]Used to send data to Google Analytics about the visitor's device and behavior. Tracks the visitor across devices and marketing channels.Maksymalny okres przechowywania: 2 latRodzaj: Plik cookie HTTP_gidUsed to send data to Google Analytics about the visitor's device and behavior. Tracks the visitor across devices and marketing channels.Maksymalny okres przechowywania: 1 dzieńRodzaj: Plik cookie HTTP_gcl_auUsed by Google AdSense for experimenting with advertisement efficiency across websites using their services.Maksymalny okres przechowywania: 3 miesięcyRodzaj: Plik cookie HTTP
div,{'class': ['CybotCookiebotDialogDetailBodyContentCookieInfo']},IDEUsed by Google DoubleClick to register and report the website user's actions after viewing or clicking one of the advertiser's ads with the purpose of measuring the efficacy of an ad and to present targeted ads to the user.Maksymalny okres przechowywania: 400 dniRodzaj: Plik cookie HTTP
div,{'class': ['CybotCookiebotDialogDetailBodyContentCookieInfoFooter']},Maksymalny okres przechowywania: 400 dniRodzaj: Plik cookie HTTP
div,{'class': ['CybotCookiebotDialogDetailBodyContentCookieInfo']},pagead/1p-user-list/#Tracks if the user has shown interest in specific products or events across multiple websites and detects how the user navigates between sites. This is used for measurement of advertisement efforts and facilitates payment of referral-fees between websites.Maksymalny okres przechowywania: SesyjneRodzaj: Śledzenie pikseli
div,{'class': ['CybotCookiebotDialogDetailBodyContentCookieInfoFooter']},Maksymalny okres przechowywania: SesyjneRodzaj: Śledzenie pikseli
div,{'class': ['CybotCookiebotDialogDetailBodyContentCookieInfo']},_ga [x4]Used to send data to Google Analytics about the visitor's device and behavior. Tracks the visitor across devices and marketing channels.Maksymalny okres przechowywania: 2 latRodzaj: Plik cookie HTTP
div,{'class': ['CybotCookiebotDialogDetailBodyContentCookieInfoFooter']},Maksymalny okres przechowywania: 2 latRodzaj: Plik cookie HTTP
div,{'class': ['CybotCookiebotDialogDetailBodyContentCookieInfo']},_ga_# [x4]Used to send data to Google Analytics about the visitor's device and behavior. Tracks the visitor across devices and marketing channels.Maksymalny okres przechowywania: 2 latRodzaj: Plik cookie HTTP
div,{'class': ['CybotCookiebotDialogDetailBodyContentCookieInfoFooter']},Maksymalny okres przechowywania: 2 latRodzaj: Plik cookie HTTP
div,{'class': ['CybotCookiebotDialogDetailBodyContentCookieInfo']},_gidUsed to send data to Google Analytics about the visitor's device and behavior. Tracks the visitor across devices and marketing channels.Maksymalny okres przechowywania: 1 dzieńRodzaj: Plik cookie HTTP
div,{'class': ['CybotCookiebotDialogDetailBodyContentCookieInfoFooter']},Maksymalny okres przechowywania: 1 dzieńRodzaj: Plik cookie HTTP
div,{'class': ['CybotCookiebotDialogDetailBodyContentCookieInfo']},_gcl_auUsed by Google AdSense for experimenting with advertisement efficiency across websites using their services.Maksymalny okres przechowywania: 3 miesięcyRodzaj: Plik cookie HTTP
div,{'class': ['CybotCookiebotDialogDetailBodyContentCookieInfoFooter']},Maksymalny okres przechowywania: 3 miesięcyRodzaj: Plik cookie HTTP
div,"{'class': ['CybotCookiebotDialogDetailBodyContentCookieInfoCount', 'CybotCookiebotDialogDetailBulkConsentCount']}",8
div,"{'class': ['CybotCookiebotDialogDetailBodyContentCookieInfoWrapper', 'CybotCookiebotDialogHide']}","_uetsidUsed to track visitors on multiple websites, in order to present relevant advertisement based on the visitor's preferences.Maksymalny okres przechowywania: StałeRodzaj: Lokalny magazyn HTML_uetsid_expContains the expiry-date for the cookie with corresponding name.Maksymalny okres przechowywania: StałeRodzaj: Lokalny magazyn HTML_uetvidUsed to track visitors on multiple websites, in order to present relevant advertisement based on the visitor's preferences.Maksymalny okres przechowywania: StałeRodzaj: Lokalny magazyn HTML_uetvid_expContains the expiry-date for the cookie with corresponding name.Maksymalny okres przechowywania: StałeRodzaj: Lokalny magazyn HTMLMSPTCW oczekiwaniuMaksymalny okres przechowywania: 1 rokRodzaj: Plik cookie HTTPMUIDW oczekiwaniuMaksymalny okres przechowywania: 1 rokRodzaj: Plik cookie HTTP_uetsidCollects data on visitor behaviour from multiple websites, in order to present more relevant advertisement - This also allows the website to limit the number of times that they are shown the same advertisement.Maksymalny okres przechowywania: 1 dzieńRodzaj: Plik cookie HTTP_uetvidUsed to track visitors on multiple websites, in order to present relevant advertisement based on the visitor's preferences.Maksymalny okres przechowywania: 1 rokRodzaj: Plik cookie HTTP"
div,{'class': ['CybotCookiebotDialogDetailBodyContentCookieInfo']},"_uetsidUsed to track visitors on multiple websites, in order to present relevant advertisement based on the visitor's preferences.Maksymalny okres przechowywania: StałeRodzaj: Lokalny magazyn HTML"
div,{'class': ['CybotCookiebotDialogDetailBodyContentCookieInfoFooter']},Maksymalny okres przechowywania: StałeRodzaj: Lokalny magazyn HTML
div,{'class': ['CybotCookiebotDialogDetailBodyContentCookieInfo']},_uetsid_expContains the expiry-date for the cookie with corresponding name.Maksymalny okres przechowywania: StałeRodzaj: Lokalny magazyn HTML
div,{'class': ['CybotCookiebotDialogDetailBodyContentCookieInfoFooter']},Maksymalny okres przechowywania: StałeRodzaj: Lokalny magazyn HTML
div,{'class': ['CybotCookiebotDialogDetailBodyContentCookieInfo']},"_uetvidUsed to track visitors on multiple websites, in order to present relevant advertisement based on the visitor's preferences.Maksymalny okres przechowywania: StałeRodzaj: Lokalny magazyn HTML"
div,{'class': ['CybotCookiebotDialogDetailBodyContentCookieInfoFooter']},Maksymalny okres przechowywania: StałeRodzaj: Lokalny magazyn HTML
div,{'class': ['CybotCookiebotDialogDetailBodyContentCookieInfo']},_uetvid_expContains the expiry-date for the cookie with corresponding name.Maksymalny okres przechowywania: StałeRodzaj: Lokalny magazyn HTML
div,{'class': ['CybotCookiebotDialogDetailBodyContentCookieInfoFooter']},Maksymalny okres przechowywania: StałeRodzaj: Lokalny magazyn HTML
div,{'class': ['CybotCookiebotDialogDetailBodyContentCookieInfo']},MSPTCW oczekiwaniuMaksymalny okres przechowywania: 1 rokRodzaj: Plik cookie HTTP
div,{'class': ['CybotCookiebotDialogDetailBodyContentCookieInfoFooter']},Maksymalny okres przechowywania: 1 rokRodzaj: Plik cookie HTTP
div,{'class': ['CybotCookiebotDialogDetailBodyContentCookieInfo']},MUIDW oczekiwaniuMaksymalny okres przechowywania: 1 rokRodzaj: Plik cookie HTTP
div,{'class': ['CybotCookiebotDialogDetailBodyContentCookieInfoFooter']},Maksymalny okres przechowywania: 1 rokRodzaj: Plik cookie HTTP
div,{'class': ['CybotCookiebotDialogDetailBodyContentCookieInfo']},"_uetsidCollects data on visitor behaviour from multiple websites, in order to present more relevant advertisement - This also allows the website to limit the number of times that they are shown the same advertisement.Maksymalny okres przechowywania: 1 dzieńRodzaj: Plik cookie HTTP"
div,{'class': ['CybotCookiebotDialogDetailBodyContentCookieInfoFooter']},Maksymalny okres przechowywania: 1 dzieńRodzaj: Plik cookie HTTP
div,{'class': ['CybotCookiebotDialogDetailBodyContentCookieInfo']},"_uetvidUsed to track visitors on multiple websites, in order to present relevant advertisement based on the visitor's preferences.Maksymalny okres przechowywania: 1 rokRodzaj: Plik cookie HTTP"
div,{'class': ['CybotCookiebotDialogDetailBodyContentCookieInfoFooter']},Maksymalny okres przechowywania: 1 rokRodzaj: Plik cookie HTTP
div,{'class': ['CybotCookiebotDialogDetailBodyContentCookieTypeIntro']},"Nieklasyfikowane pliki cookie, to pliki, które są w procesie klasyfikowania, wraz z dostawcami poszczególnych ciasteczek."
div,"{'id': 'CybotCookiebotDialogDetailBodyContentCookieTabsUnclassified', 'class': ['CollapseCard', 'CybotCookiebotDialogHide'], 'aria-labelledby': 'CybotCookiebotDialogDetailBodyContentCookieContainerUnclassifiedCard', 'aria-expanded': 'false'}",Microsoft9Dowiedz się więcej na temat tego dostawcy3desm__compare-flats-71c8199b-05ba-4167-9fd2-3b9b1bbf17c7W oczekiwaniuMaksymalny okres przechowywania: StałeRodzaj: Lokalny magazyn HTML3desm__compare-flats-71c8199b-05ba-4167-9fd2-3b9b1bbf17c7-custom-crm-idsW oczekiwaniuMaksymalny okres przechowywania: StałeRodzaj: Lokalny magazyn HTML3desm__compare-flats-71c8199b-05ba-4167-9fd2-3b9b1bbf17c7-nameW oczekiwaniuMaksymalny okres przechowywania: StałeRodzaj: Lokalny magazyn HTMLexternal_languageW oczekiwaniuMaksymalny okres przechowywania: StałeRodzaj: Lokalny magazyn HTMLsalesmanEmailW oczekiwaniuMaksymalny okres przechowywania: StałeRodzaj: Lokalny magazyn HTMLsm3de_viewVisitedW oczekiwaniuMaksymalny okres przechowywania: StałeRodzaj: Lokalny magazyn HTMLsm3de_wasCookieInfoShownBeforeW oczekiwaniuMaksymalny okres przechowywania: StałeRodzaj: Lokalny magazyn HTMLsm3de_wasRotateGuideSeenBeforeW oczekiwaniuMaksymalny okres przechowywania: StałeRodzaj: Lokalny magazyn HTMLsortByGenericW oczekiwaniuMaksymalny okres przechowywania: StałeRodzaj: Lokalny magazyn HTMLtours.3destate.pl1_3deoa-tour-player-is-guide-seenW oczekiwaniuMaksymalny okres przechowywania: StałeRodzaj: Lokalny magazyn HTMLvictoriadom-warszawa-metroart4.sensevr.pl1TUTORIAL_STATEW oczekiwaniuMaksymalny okres przechowywania: SesyjneRodzaj: Lokalny magazyn HTMLwww.victoriadom.pl27/warszawa/miasteczko-julianow-1-Rabat nawet do 700 zł/m2 - Miasteczko JulianówW oczekiwaniuMaksymalny okres przechowywania: SesyjneRodzaj: Lokalny magazyn HTML/warszawa/neo-nova-ochota-Rabat do 700 zł/m2 na osiedlu Neo Nova Ochota od Victoria DomW oczekiwaniuMaksymalny okres przechowywania: SesyjneRodzaj: Lokalny magazyn HTML-pop-up-final6W oczekiwaniuMaksymalny okres przechowywania: SesyjneRodzaj: Lokalny magazyn HTMLurl-metro-art-Metro Art 10W oczekiwaniuMaksymalny okres przechowywania: SesyjneRodzaj: Lokalny magazyn HTMLurl-metro-art-Metro Art 11W oczekiwaniuMaksymalny okres przechowywania: SesyjneRodzaj: Lokalny magazyn HTMLurl-metro-art-Metro Art 4W oczekiwaniuMaksymalny okres przechowywania: SesyjneRodzaj: Lokalny magazyn HTMLurl-metro-art-Metro Art 8W oczekiwaniuMaksymalny okres przechowywania: SesyjneRodzaj: Lokalny magazyn HTMLurl-metro-art-Metro Art 9W oczekiwaniuMaksymalny okres przechowywania: SesyjneRodzaj: Lokalny magazyn HTMLurl-miasteczko-julianow-Miasteczko JulianówW oczekiwaniuMaksymalny okres przechowywania: SesyjneRodzaj: Lokalny magazyn HTMLurl-miasteczko-nova-ochota-Miasteczko Nova Ochota 11W oczekiwaniuMaksymalny okres przechowywania: SesyjneRodzaj: Lokalny magazyn HTMLurl-miasteczko-nova-sfera-3-Miasteczko Nova Sfera 3W oczekiwaniuMaksymalny okres przechowywania: SesyjneRodzaj: Lokalny magazyn HTMLurl-neo-nova-ochota-Neo Nova OchotaW oczekiwaniuMaksymalny okres przechowywania: SesyjneRodzaj: Lokalny magazyn HTMLurl-neo-nova-ochota-Neo Nova Ochota 2W oczekiwaniuMaksymalny okres przechowywania: SesyjneRodzaj: Lokalny magazyn HTMLurl-nova-viva-garden-Nova Viva Garden 5W oczekiwaniuMaksymalny okres przechowywania: SesyjneRodzaj: Lokalny magazyn HTMLurl-nova-viva-garden-Nova Viva Garden 6W oczekiwaniuMaksymalny okres przechowywania: SesyjneRodzaj: Lokalny magazyn HTMLurl-olchowy-park-1-Olchowy Park 1W oczekiwaniuMaksymalny okres przechowywania: SesyjneRodzaj: Lokalny magazyn HTMLurl-olchowy-park-2-Olchowy Park 2W oczekiwaniuMaksymalny okres przechowywania: SesyjneRodzaj: Lokalny magazyn HTMLurl-olchowy-park-6-Olchowy Park 6W oczekiwaniuMaksymalny okres przechowywania: SesyjneRodzaj: Lokalny magazyn HTMLurl-olchowy-park-Olchowy Park 4W oczekiwaniuMaksymalny okres przechowywania: SesyjneRodzaj: Lokalny magazyn HTMLurl-olchowy-park-Olchowy Park 5W oczekiwaniuMaksymalny okres przechowywania: SesyjneRodzaj: Lokalny magazyn HTMLurl-olchowy-park-Olchowy Park 7W oczekiwaniuMaksymalny okres przechowywania: SesyjneRodzaj: Lokalny magazyn HTMLurl-osiedle-krzewna-3-Osiedle Krzewna 3W oczekiwaniuMaksymalny okres przechowywania: SesyjneRodzaj: Lokalny magazyn HTMLurl-przystanek-tarchomin-Przystanek Tarchomin 5W oczekiwaniuMaksymalny okres przechowywania: SesyjneRodzaj: Lokalny magazyn HTMLurl-viva-piast-Viva Piast 4W oczekiwaniuMaksymalny okres przechowywania: SesyjneRodzaj: Lokalny magazyn HTMLurl-viva-piast-Viva Piast 5W oczekiwaniuMaksymalny okres przechowywania: SesyjneRodzaj: Lokalny magazyn HTMLUTM_PARAMSW oczekiwaniuMaksymalny okres przechowywania: SesyjneRodzaj: Lokalny magazyn HTML-VD_NNO_popup_08.11.2024_2W oczekiwaniuMaksymalny okres przechowywania: SesyjneRodzaj: Lokalny magazyn HTML
div,{'class': ['CybotCookiebotDialogDetailBodyContentCookieTypeTableContainer']},Microsoft9Dowiedz się więcej na temat tego dostawcy3desm__compare-flats-71c8199b-05ba-4167-9fd2-3b9b1bbf17c7W oczekiwaniuMaksymalny okres przechowywania: StałeRodzaj: Lokalny magazyn HTML3desm__compare-flats-71c8199b-05ba-4167-9fd2-3b9b1bbf17c7-custom-crm-idsW oczekiwaniuMaksymalny okres przechowywania: StałeRodzaj: Lokalny magazyn HTML3desm__compare-flats-71c8199b-05ba-4167-9fd2-3b9b1bbf17c7-nameW oczekiwaniuMaksymalny okres przechowywania: StałeRodzaj: Lokalny magazyn HTMLexternal_languageW oczekiwaniuMaksymalny okres przechowywania: StałeRodzaj: Lokalny magazyn HTMLsalesmanEmailW oczekiwaniuMaksymalny okres przechowywania: StałeRodzaj: Lokalny magazyn HTMLsm3de_viewVisitedW oczekiwaniuMaksymalny okres przechowywania: StałeRodzaj: Lokalny magazyn HTMLsm3de_wasCookieInfoShownBeforeW oczekiwaniuMaksymalny okres przechowywania: StałeRodzaj: Lokalny magazyn HTMLsm3de_wasRotateGuideSeenBeforeW oczekiwaniuMaksymalny okres przechowywania: StałeRodzaj: Lokalny magazyn HTMLsortByGenericW oczekiwaniuMaksymalny okres przechowywania: StałeRodzaj: Lokalny magazyn HTMLtours.3destate.pl1_3deoa-tour-player-is-guide-seenW oczekiwaniuMaksymalny okres przechowywania: StałeRodzaj: Lokalny magazyn HTMLvictoriadom-warszawa-metroart4.sensevr.pl1TUTORIAL_STATEW oczekiwaniuMaksymalny okres przechowywania: SesyjneRodzaj: Lokalny magazyn HTMLwww.victoriadom.pl27/warszawa/miasteczko-julianow-1-Rabat nawet do 700 zł/m2 - Miasteczko JulianówW oczekiwaniuMaksymalny okres przechowywania: SesyjneRodzaj: Lokalny magazyn HTML/warszawa/neo-nova-ochota-Rabat do 700 zł/m2 na osiedlu Neo Nova Ochota od Victoria DomW oczekiwaniuMaksymalny okres przechowywania: SesyjneRodzaj: Lokalny magazyn HTML-pop-up-final6W oczekiwaniuMaksymalny okres przechowywania: SesyjneRodzaj: Lokalny magazyn HTMLurl-metro-art-Metro Art 10W oczekiwaniuMaksymalny okres przechowywania: SesyjneRodzaj: Lokalny magazyn HTMLurl-metro-art-Metro Art 11W oczekiwaniuMaksymalny okres przechowywania: SesyjneRodzaj: Lokalny magazyn HTMLurl-metro-art-Metro Art 4W oczekiwaniuMaksymalny okres przechowywania: SesyjneRodzaj: Lokalny magazyn HTMLurl-metro-art-Metro Art 8W oczekiwaniuMaksymalny okres przechowywania: SesyjneRodzaj: Lokalny magazyn HTMLurl-metro-art-Metro Art 9W oczekiwaniuMaksymalny okres przechowywania: SesyjneRodzaj: Lokalny magazyn HTMLurl-miasteczko-julianow-Miasteczko JulianówW oczekiwaniuMaksymalny okres przechowywania: SesyjneRodzaj: Lokalny magazyn HTMLurl-miasteczko-nova-ochota-Miasteczko Nova Ochota 11W oczekiwaniuMaksymalny okres przechowywania: SesyjneRodzaj: Lokalny magazyn HTMLurl-miasteczko-nova-sfera-3-Miasteczko Nova Sfera 3W oczekiwaniuMaksymalny okres przechowywania: SesyjneRodzaj: Lokalny magazyn HTMLurl-neo-nova-ochota-Neo Nova OchotaW oczekiwaniuMaksymalny okres przechowywania: SesyjneRodzaj: Lokalny magazyn HTMLurl-neo-nova-ochota-Neo Nova Ochota 2W oczekiwaniuMaksymalny okres przechowywania: SesyjneRodzaj: Lokalny magazyn HTMLurl-nova-viva-garden-Nova Viva Garden 5W oczekiwaniuMaksymalny okres przechowywania: SesyjneRodzaj: Lokalny magazyn HTMLurl-nova-viva-garden-Nova Viva Garden 6W oczekiwaniuMaksymalny okres przechowywania: SesyjneRodzaj: Lokalny magazyn HTMLurl-olchowy-park-1-Olchowy Park 1W oczekiwaniuMaksymalny okres przechowywania: SesyjneRodzaj: Lokalny magazyn HTMLurl-olchowy-park-2-Olchowy Park 2W oczekiwaniuMaksymalny okres przechowywania: SesyjneRodzaj: Lokalny magazyn HTMLurl-olchowy-park-6-Olchowy Park 6W oczekiwaniuMaksymalny okres przechowywania: SesyjneRodzaj: Lokalny magazyn HTMLurl-olchowy-park-Olchowy Park 4W oczekiwaniuMaksymalny okres przechowywania: SesyjneRodzaj: Lokalny magazyn HTMLurl-olchowy-park-Olchowy Park 5W oczekiwaniuMaksymalny okres przechowywania: SesyjneRodzaj: Lokalny magazyn HTMLurl-olchowy-park-Olchowy Park 7W oczekiwaniuMaksymalny okres przechowywania: SesyjneRodzaj: Lokalny magazyn HTMLurl-osiedle-krzewna-3-Osiedle Krzewna 3W oczekiwaniuMaksymalny okres przechowywania: SesyjneRodzaj: Lokalny magazyn HTMLurl-przystanek-tarchomin-Przystanek Tarchomin 5W oczekiwaniuMaksymalny okres przechowywania: SesyjneRodzaj: Lokalny magazyn HTMLurl-viva-piast-Viva Piast 4W oczekiwaniuMaksymalny okres przechowywania: SesyjneRodzaj: Lokalny magazyn HTMLurl-viva-piast-Viva Piast 5W oczekiwaniuMaksymalny okres przechowywania: SesyjneRodzaj: Lokalny magazyn HTMLUTM_PARAMSW oczekiwaniuMaksymalny okres przechowywania: SesyjneRodzaj: Lokalny magazyn HTML-VD_NNO_popup_08.11.2024_2W oczekiwaniuMaksymalny okres przechowywania: SesyjneRodzaj: Lokalny magazyn HTML
div,"{'class': ['CybotCookiebotDialogDetailBodyContentCookieInfoCount', 'CybotCookiebotDialogDetailBulkConsentCount']}",9
div,"{'class': ['CybotCookiebotDialogDetailBodyContentCookieInfoWrapper', 'CybotCookiebotDialogHide']}",3desm__compare-flats-71c8199b-05ba-4167-9fd2-3b9b1bbf17c7W oczekiwaniuMaksymalny okres przechowywania: StałeRodzaj: Lokalny magazyn HTML3desm__compare-flats-71c8199b-05ba-4167-9fd2-3b9b1bbf17c7-custom-crm-idsW oczekiwaniuMaksymalny okres przechowywania: StałeRodzaj: Lokalny magazyn HTML3desm__compare-flats-71c8199b-05ba-4167-9fd2-3b9b1bbf17c7-nameW oczekiwaniuMaksymalny okres przechowywania: StałeRodzaj: Lokalny magazyn HTMLexternal_languageW oczekiwaniuMaksymalny okres przechowywania: StałeRodzaj: Lokalny magazyn HTMLsalesmanEmailW oczekiwaniuMaksymalny okres przechowywania: StałeRodzaj: Lokalny magazyn HTMLsm3de_viewVisitedW oczekiwaniuMaksymalny okres przechowywania: StałeRodzaj: Lokalny magazyn HTMLsm3de_wasCookieInfoShownBeforeW oczekiwaniuMaksymalny okres przechowywania: StałeRodzaj: Lokalny magazyn HTMLsm3de_wasRotateGuideSeenBeforeW oczekiwaniuMaksymalny okres przechowywania: StałeRodzaj: Lokalny magazyn HTMLsortByGenericW oczekiwaniuMaksymalny okres przechowywania: StałeRodzaj: Lokalny magazyn HTML
div,{'class': ['CybotCookiebotDialogDetailBodyContentCookieInfo']},3desm__compare-flats-71c8199b-05ba-4167-9fd2-3b9b1bbf17c7W oczekiwaniuMaksymalny okres przechowywania: StałeRodzaj: Lokalny magazyn HTML
div,{'class': ['CybotCookiebotDialogDetailBodyContentCookieInfoFooter']},Maksymalny okres przechowywania: StałeRodzaj: Lokalny magazyn HTML
div,{'class': ['CybotCookiebotDialogDetailBodyContentCookieInfo']},3desm__compare-flats-71c8199b-05ba-4167-9fd2-3b9b1bbf17c7-custom-crm-idsW oczekiwaniuMaksymalny okres przechowywania: StałeRodzaj: Lokalny magazyn HTML
div,{'class': ['CybotCookiebotDialogDetailBodyContentCookieInfoFooter']},Maksymalny okres przechowywania: StałeRodzaj: Lokalny magazyn HTML
div,{'class': ['CybotCookiebotDialogDetailBodyContentCookieInfo']},3desm__compare-flats-71c8199b-05ba-4167-9fd2-3b9b1bbf17c7-nameW oczekiwaniuMaksymalny okres przechowywania: StałeRodzaj: Lokalny magazyn HTML
div,{'class': ['CybotCookiebotDialogDetailBodyContentCookieInfoFooter']},Maksymalny okres przechowywania: StałeRodzaj: Lokalny magazyn HTML
div,{'class': ['CybotCookiebotDialogDetailBodyContentCookieInfo']},external_languageW oczekiwaniuMaksymalny okres przechowywania: StałeRodzaj: Lokalny magazyn HTML
div,{'class': ['CybotCookiebotDialogDetailBodyContentCookieInfoFooter']},Maksymalny okres przechowywania: StałeRodzaj: Lokalny magazyn HTML
div,{'class': ['CybotCookiebotDialogDetailBodyContentCookieInfo']},salesmanEmailW oczekiwaniuMaksymalny okres przechowywania: StałeRodzaj: Lokalny magazyn HTML
div,{'class': ['CybotCookiebotDialogDetailBodyContentCookieInfoFooter']},Maksymalny okres przechowywania: StałeRodzaj: Lokalny magazyn HTML
div,{'class': ['CybotCookiebotDialogDetailBodyContentCookieInfo']},sm3de_viewVisitedW oczekiwaniuMaksymalny okres przechowywania: StałeRodzaj: Lokalny magazyn HTML
div,{'class': ['CybotCookiebotDialogDetailBodyContentCookieInfoFooter']},Maksymalny okres przechowywania: StałeRodzaj: Lokalny magazyn HTML
div,{'class': ['CybotCookiebotDialogDetailBodyContentCookieInfo']},sm3de_wasCookieInfoShownBeforeW oczekiwaniuMaksymalny okres przechowywania: StałeRodzaj: Lokalny magazyn HTML
div,{'class': ['CybotCookiebotDialogDetailBodyContentCookieInfoFooter']},Maksymalny okres przechowywania: StałeRodzaj: Lokalny magazyn HTML
div,{'class': ['CybotCookiebotDialogDetailBodyContentCookieInfo']},sm3de_wasRotateGuideSeenBeforeW oczekiwaniuMaksymalny okres przechowywania: StałeRodzaj: Lokalny magazyn HTML
div,{'class': ['CybotCookiebotDialogDetailBodyContentCookieInfoFooter']},Maksymalny okres przechowywania: StałeRodzaj: Lokalny magazyn HTML
div,{'class': ['CybotCookiebotDialogDetailBodyContentCookieInfo']},sortByGenericW oczekiwaniuMaksymalny okres przechowywania: StałeRodzaj: Lokalny magazyn HTML
div,{'class': ['CybotCookiebotDialogDetailBodyContentCookieInfoFooter']},Maksymalny okres przechowywania: StałeRodzaj: Lokalny magazyn HTML
div,"{'class': ['CybotCookiebotDialogDetailBodyContentCookieInfoCount', 'CybotCookiebotDialogDetailBulkConsentCount']}",1
div,"{'class': ['CybotCookiebotDialogDetailBodyContentCookieInfoWrapper', 'CybotCookiebotDialogHide']}",_3deoa-tour-player-is-guide-seenW oczekiwaniuMaksymalny okres przechowywania: StałeRodzaj: Lokalny magazyn HTML
div,{'class': ['CybotCookiebotDialogDetailBodyContentCookieInfo']},_3deoa-tour-player-is-guide-seenW oczekiwaniuMaksymalny okres przechowywania: StałeRodzaj: Lokalny magazyn HTML
div,{'class': ['CybotCookiebotDialogDetailBodyContentCookieInfoFooter']},Maksymalny okres przechowywania: StałeRodzaj: Lokalny magazyn HTML
div,"{'class': ['CybotCookiebotDialogDetailBodyContentCookieInfoCount', 'CybotCookiebotDialogDetailBulkConsentCount']}",1
div,"{'class': ['CybotCookiebotDialogDetailBodyContentCookieInfoWrapper', 'CybotCookiebotDialogHide']}",TUTORIAL_STATEW oczekiwaniuMaksymalny okres przechowywania: SesyjneRodzaj: Lokalny magazyn HTML
div,{'class': ['CybotCookiebotDialogDetailBodyContentCookieInfo']},TUTORIAL_STATEW oczekiwaniuMaksymalny okres przechowywania: SesyjneRodzaj: Lokalny magazyn HTML
div,{'class': ['CybotCookiebotDialogDetailBodyContentCookieInfoFooter']},Maksymalny okres przechowywania: SesyjneRodzaj: Lokalny magazyn HTML
div,"{'class': ['CybotCookiebotDialogDetailBodyContentCookieInfoCount', 'CybotCookiebotDialogDetailBulkConsentCount']}",27
div,"{'class': ['CybotCookiebotDialogDetailBodyContentCookieInfoWrapper', 'CybotCookiebotDialogHide']}",/warszawa/miasteczko-julianow-1-Rabat nawet do 700 zł/m2 - Miasteczko JulianówW oczekiwaniuMaksymalny okres przechowywania: SesyjneRodzaj: Lokalny magazyn HTML/warszawa/neo-nova-ochota-Rabat do 700 zł/m2 na osiedlu Neo Nova Ochota od Victoria DomW oczekiwaniuMaksymalny okres przechowywania: SesyjneRodzaj: Lokalny magazyn HTML-pop-up-final6W oczekiwaniuMaksymalny okres przechowywania: SesyjneRodzaj: Lokalny magazyn HTMLurl-metro-art-Metro Art 10W oczekiwaniuMaksymalny okres przechowywania: SesyjneRodzaj: Lokalny magazyn HTMLurl-metro-art-Metro Art 11W oczekiwaniuMaksymalny okres przechowywania: SesyjneRodzaj: Lokalny magazyn HTMLurl-metro-art-Metro Art 4W oczekiwaniuMaksymalny okres przechowywania: SesyjneRodzaj: Lokalny magazyn HTMLurl-metro-art-Metro Art 8W oczekiwaniuMaksymalny okres przechowywania: SesyjneRodzaj: Lokalny magazyn HTMLurl-metro-art-Metro Art 9W oczekiwaniuMaksymalny okres przechowywania: SesyjneRodzaj: Lokalny magazyn HTMLurl-miasteczko-julianow-Miasteczko JulianówW oczekiwaniuMaksymalny okres przechowywania: SesyjneRodzaj: Lokalny magazyn HTMLurl-miasteczko-nova-ochota-Miasteczko Nova Ochota 11W oczekiwaniuMaksymalny okres przechowywania: SesyjneRodzaj: Lokalny magazyn HTMLurl-miasteczko-nova-sfera-3-Miasteczko Nova Sfera 3W oczekiwaniuMaksymalny okres przechowywania: SesyjneRodzaj: Lokalny magazyn HTMLurl-neo-nova-ochota-Neo Nova OchotaW oczekiwaniuMaksymalny okres przechowywania: SesyjneRodzaj: Lokalny magazyn HTMLurl-neo-nova-ochota-Neo Nova Ochota 2W oczekiwaniuMaksymalny okres przechowywania: SesyjneRodzaj: Lokalny magazyn HTMLurl-nova-viva-garden-Nova Viva Garden 5W oczekiwaniuMaksymalny okres przechowywania: SesyjneRodzaj: Lokalny magazyn HTMLurl-nova-viva-garden-Nova Viva Garden 6W oczekiwaniuMaksymalny okres przechowywania: SesyjneRodzaj: Lokalny magazyn HTMLurl-olchowy-park-1-Olchowy Park 1W oczekiwaniuMaksymalny okres przechowywania: SesyjneRodzaj: Lokalny magazyn HTMLurl-olchowy-park-2-Olchowy Park 2W oczekiwaniuMaksymalny okres przechowywania: SesyjneRodzaj: Lokalny magazyn HTMLurl-olchowy-park-6-Olchowy Park 6W oczekiwaniuMaksymalny okres przechowywania: SesyjneRodzaj: Lokalny magazyn HTMLurl-olchowy-park-Olchowy Park 4W oczekiwaniuMaksymalny okres przechowywania: SesyjneRodzaj: Lokalny magazyn HTMLurl-olchowy-park-Olchowy Park 5W oczekiwaniuMaksymalny okres przechowywania: SesyjneRodzaj: Lokalny magazyn HTMLurl-olchowy-park-Olchowy Park 7W oczekiwaniuMaksymalny okres przechowywania: SesyjneRodzaj: Lokalny magazyn HTMLurl-osiedle-krzewna-3-Osiedle Krzewna 3W oczekiwaniuMaksymalny okres przechowywania: SesyjneRodzaj: Lokalny magazyn HTMLurl-przystanek-tarchomin-Przystanek Tarchomin 5W oczekiwaniuMaksymalny okres przechowywania: SesyjneRodzaj: Lokalny magazyn HTMLurl-viva-piast-Viva Piast 4W oczekiwaniuMaksymalny okres przechowywania: SesyjneRodzaj: Lokalny magazyn HTMLurl-viva-piast-Viva Piast 5W oczekiwaniuMaksymalny okres przechowywania: SesyjneRodzaj: Lokalny magazyn HTMLUTM_PARAMSW oczekiwaniuMaksymalny okres przechowywania: SesyjneRodzaj: Lokalny magazyn HTML-VD_NNO_popup_08.11.2024_2W oczekiwaniuMaksymalny okres przechowywania: SesyjneRodzaj: Lokalny magazyn HTML
div,{'class': ['CybotCookiebotDialogDetailBodyContentCookieInfo']},/warszawa/miasteczko-julianow-1-Rabat nawet do 700 zł/m2 - Miasteczko JulianówW oczekiwaniuMaksymalny okres przechowywania: SesyjneRodzaj: Lokalny magazyn HTML
div,{'class': ['CybotCookiebotDialogDetailBodyContentCookieInfoFooter']},Maksymalny okres przechowywania: SesyjneRodzaj: Lokalny magazyn HTML
div,{'class': ['CybotCookiebotDialogDetailBodyContentCookieInfo']},/warszawa/neo-nova-ochota-Rabat do 700 zł/m2 na osiedlu Neo Nova Ochota od Victoria DomW oczekiwaniuMaksymalny okres przechowywania: SesyjneRodzaj: Lokalny magazyn HTML
div,{'class': ['CybotCookiebotDialogDetailBodyContentCookieInfoFooter']},Maksymalny okres przechowywania: SesyjneRodzaj: Lokalny magazyn HTML
div,{'class': ['CybotCookiebotDialogDetailBodyContentCookieInfo']},-pop-up-final6W oczekiwaniuMaksymalny okres przechowywania: SesyjneRodzaj: Lokalny magazyn HTML
div,{'class': ['CybotCookiebotDialogDetailBodyContentCookieInfoFooter']},Maksymalny okres przechowywania: SesyjneRodzaj: Lokalny magazyn HTML
div,{'class': ['CybotCookiebotDialogDetailBodyContentCookieInfo']},url-metro-art-Metro Art 10W oczekiwaniuMaksymalny okres przechowywania: SesyjneRodzaj: Lokalny magazyn HTML
div,{'class': ['CybotCookiebotDialogDetailBodyContentCookieInfoFooter']},Maksymalny okres przechowywania: SesyjneRodzaj: Lokalny magazyn HTML
div,{'class': ['CybotCookiebotDialogDetailBodyContentCookieInfo']},url-metro-art-Metro Art 11W oczekiwaniuMaksymalny okres przechowywania: SesyjneRodzaj: Lokalny magazyn HTML
div,{'class': ['CybotCookiebotDialogDetailBodyContentCookieInfoFooter']},Maksymalny okres przechowywania: SesyjneRodzaj: Lokalny magazyn HTML
div,{'class': ['CybotCookiebotDialogDetailBodyContentCookieInfo']},url-metro-art-Metro Art 4W oczekiwaniuMaksymalny okres przechowywania: SesyjneRodzaj: Lokalny magazyn HTML
div,{'class': ['CybotCookiebotDialogDetailBodyContentCookieInfoFooter']},Maksymalny okres przechowywania: SesyjneRodzaj: Lokalny magazyn HTML
div,{'class': ['CybotCookiebotDialogDetailBodyContentCookieInfo']},url-metro-art-Metro Art 8W oczekiwaniuMaksymalny okres przechowywania: SesyjneRodzaj: Lokalny magazyn HTML
div,{'class': ['CybotCookiebotDialogDetailBodyContentCookieInfoFooter']},Maksymalny okres przechowywania: SesyjneRodzaj: Lokalny magazyn HTML
div,{'class': ['CybotCookiebotDialogDetailBodyContentCookieInfo']},url-metro-art-Metro Art 9W oczekiwaniuMaksymalny okres przechowywania: SesyjneRodzaj: Lokalny magazyn HTML
div,{'class': ['CybotCookiebotDialogDetailBodyContentCookieInfoFooter']},Maksymalny okres przechowywania: SesyjneRodzaj: Lokalny magazyn HTML
div,{'class': ['CybotCookiebotDialogDetailBodyContentCookieInfo']},url-miasteczko-julianow-Miasteczko JulianówW oczekiwaniuMaksymalny okres przechowywania: SesyjneRodzaj: Lokalny magazyn HTML
div,{'class': ['CybotCookiebotDialogDetailBodyContentCookieInfoFooter']},Maksymalny okres przechowywania: SesyjneRodzaj: Lokalny magazyn HTML
div,{'class': ['CybotCookiebotDialogDetailBodyContentCookieInfo']},url-miasteczko-nova-ochota-Miasteczko Nova Ochota 11W oczekiwaniuMaksymalny okres przechowywania: SesyjneRodzaj: Lokalny magazyn HTML
div,{'class': ['CybotCookiebotDialogDetailBodyContentCookieInfoFooter']},Maksymalny okres przechowywania: SesyjneRodzaj: Lokalny magazyn HTML
div,{'class': ['CybotCookiebotDialogDetailBodyContentCookieInfo']},url-miasteczko-nova-sfera-3-Miasteczko Nova Sfera 3W oczekiwaniuMaksymalny okres przechowywania: SesyjneRodzaj: Lokalny magazyn HTML
div,{'class': ['CybotCookiebotDialogDetailBodyContentCookieInfoFooter']},Maksymalny okres przechowywania: SesyjneRodzaj: Lokalny magazyn HTML
div,{'class': ['CybotCookiebotDialogDetailBodyContentCookieInfo']},url-neo-nova-ochota-Neo Nova OchotaW oczekiwaniuMaksymalny okres przechowywania: SesyjneRodzaj: Lokalny magazyn HTML
div,{'class': ['CybotCookiebotDialogDetailBodyContentCookieInfoFooter']},Maksymalny okres przechowywania: SesyjneRodzaj: Lokalny magazyn HTML
div,{'class': ['CybotCookiebotDialogDetailBodyContentCookieInfo']},url-neo-nova-ochota-Neo Nova Ochota 2W oczekiwaniuMaksymalny okres przechowywania: SesyjneRodzaj: Lokalny magazyn HTML
div,{'class': ['CybotCookiebotDialogDetailBodyContentCookieInfoFooter']},Maksymalny okres przechowywania: SesyjneRodzaj: Lokalny magazyn HTML
div,{'class': ['CybotCookiebotDialogDetailBodyContentCookieInfo']},url-nova-viva-garden-Nova Viva Garden 5W oczekiwaniuMaksymalny okres przechowywania: SesyjneRodzaj: Lokalny magazyn HTML
div,{'class': ['CybotCookiebotDialogDetailBodyContentCookieInfoFooter']},Maksymalny okres przechowywania: SesyjneRodzaj: Lokalny magazyn HTML
div,{'class': ['CybotCookiebotDialogDetailBodyContentCookieInfo']},url-nova-viva-garden-Nova Viva Garden 6W oczekiwaniuMaksymalny okres przechowywania: SesyjneRodzaj: Lokalny magazyn HTML
div,{'class': ['CybotCookiebotDialogDetailBodyContentCookieInfoFooter']},Maksymalny okres przechowywania: SesyjneRodzaj: Lokalny magazyn HTML
div,{'class': ['CybotCookiebotDialogDetailBodyContentCookieInfo']},url-olchowy-park-1-Olchowy Park 1W oczekiwaniuMaksymalny okres przechowywania: SesyjneRodzaj: Lokalny magazyn HTML
div,{'class': ['CybotCookiebotDialogDetailBodyContentCookieInfoFooter']},Maksymalny okres przechowywania: SesyjneRodzaj: Lokalny magazyn HTML
div,{'class': ['CybotCookiebotDialogDetailBodyContentCookieInfo']},url-olchowy-park-2-Olchowy Park 2W oczekiwaniuMaksymalny okres przechowywania: SesyjneRodzaj: Lokalny magazyn HTML
div,{'class': ['CybotCookiebotDialogDetailBodyContentCookieInfoFooter']},Maksymalny okres przechowywania: SesyjneRodzaj: Lokalny magazyn HTML
div,{'class': ['CybotCookiebotDialogDetailBodyContentCookieInfo']},url-olchowy-park-6-Olchowy Park 6W oczekiwaniuMaksymalny okres przechowywania: SesyjneRodzaj: Lokalny magazyn HTML
div,{'class': ['CybotCookiebotDialogDetailBodyContentCookieInfoFooter']},Maksymalny okres przechowywania: SesyjneRodzaj: Lokalny magazyn HTML
div,{'class': ['CybotCookiebotDialogDetailBodyContentCookieInfo']},url-olchowy-park-Olchowy Park 4W oczekiwaniuMaksymalny okres przechowywania: SesyjneRodzaj: Lokalny magazyn HTML
div,{'class': ['CybotCookiebotDialogDetailBodyContentCookieInfoFooter']},Maksymalny okres przechowywania: SesyjneRodzaj: Lokalny magazyn HTML
div,{'class': ['CybotCookiebotDialogDetailBodyContentCookieInfo']},url-olchowy-park-Olchowy Park 5W oczekiwaniuMaksymalny okres przechowywania: SesyjneRodzaj: Lokalny magazyn HTML
div,{'class': ['CybotCookiebotDialogDetailBodyContentCookieInfoFooter']},Maksymalny okres przechowywania: SesyjneRodzaj: Lokalny magazyn HTML
div,{'class': ['CybotCookiebotDialogDetailBodyContentCookieInfo']},url-olchowy-park-Olchowy Park 7W oczekiwaniuMaksymalny okres przechowywania: SesyjneRodzaj: Lokalny magazyn HTML
div,{'class': ['CybotCookiebotDialogDetailBodyContentCookieInfoFooter']},Maksymalny okres przechowywania: SesyjneRodzaj: Lokalny magazyn HTML
div,{'class': ['CybotCookiebotDialogDetailBodyContentCookieInfo']},url-osiedle-krzewna-3-Osiedle Krzewna 3W oczekiwaniuMaksymalny okres przechowywania: SesyjneRodzaj: Lokalny magazyn HTML
div,{'class': ['CybotCookiebotDialogDetailBodyContentCookieInfoFooter']},Maksymalny okres przechowywania: SesyjneRodzaj: Lokalny magazyn HTML
div,{'class': ['CybotCookiebotDialogDetailBodyContentCookieInfo']},url-przystanek-tarchomin-Przystanek Tarchomin 5W oczekiwaniuMaksymalny okres przechowywania: SesyjneRodzaj: Lokalny magazyn HTML
div,{'class': ['CybotCookiebotDialogDetailBodyContentCookieInfoFooter']},Maksymalny okres przechowywania: SesyjneRodzaj: Lokalny magazyn HTML
div,{'class': ['CybotCookiebotDialogDetailBodyContentCookieInfo']},url-viva-piast-Viva Piast 4W oczekiwaniuMaksymalny okres przechowywania: SesyjneRodzaj: Lokalny magazyn HTML
div,{'class': ['CybotCookiebotDialogDetailBodyContentCookieInfoFooter']},Maksymalny okres przechowywania: SesyjneRodzaj: Lokalny magazyn HTML
div,{'class': ['CybotCookiebotDialogDetailBodyContentCookieInfo']},url-viva-piast-Viva Piast 5W oczekiwaniuMaksymalny okres przechowywania: SesyjneRodzaj: Lokalny magazyn HTML
div,{'class': ['CybotCookiebotDialogDetailBodyContentCookieInfoFooter']},Maksymalny okres przechowywania: SesyjneRodzaj: Lokalny magazyn HTML
div,{'class': ['CybotCookiebotDialogDetailBodyContentCookieInfo']},UTM_PARAMSW oczekiwaniuMaksymalny okres przechowywania: SesyjneRodzaj: Lokalny magazyn HTML
div,{'class': ['CybotCookiebotDialogDetailBodyContentCookieInfoFooter']},Maksymalny okres przechowywania: SesyjneRodzaj: Lokalny magazyn HTML
div,{'class': ['CybotCookiebotDialogDetailBodyContentCookieInfo']},-VD_NNO_popup_08.11.2024_2W oczekiwaniuMaksymalny okres przechowywania: SesyjneRodzaj: Lokalny magazyn HTML
div,{'class': ['CybotCookiebotDialogDetailBodyContentCookieInfoFooter']},Maksymalny okres przechowywania: SesyjneRodzaj: Lokalny magazyn HTML
div,"{'id': 'CybotCookiebotDialogDetailBulkConsentListWrapper', 'class': ['CybotCookiebotDialogHide'], 'aria-expanded': 'false'}","Lista domen, których dotyczy Twoja zgoda:[#BULK_CONSENT_DOMAINS#]"
div,{'class': ['CybotCookiebotScrollbarContainer']},
div,"{'class': ['CybotCookiebotScrollContainer', 'CybotCookiebotDialogHide']}",[#IABV2_TITLE#][#IABV2_BODY_INTRO#][#IABV2_BODY_LEGITIMATE_INTEREST_INTRO#][#IABV2_BODY_PREFERENCE_INTRO#][#IABV2_LABEL_PURPOSES#][#IABV2_BODY_PURPOSES_INTRO#][#IABV2_BODY_PURPOSES#][#IABV2_LABEL_FEATURES#][#IABV2_BODY_FEATURES_INTRO#][#IABV2_BODY_FEATURES#][#IABV2_LABEL_PARTNERS#][#IABV2_BODY_PARTNERS_INTRO#][#IABV2_BODY_PARTNERS#]
div,"{'id': 'CybotCookiebotDialogDetailBodyContentTextIABv2', 'class': ['CybotCookiebotDialogTabPanel', 'CybotCookiebotDialogHide', 'CybotCookiebotScrollArea'], 'role': 'tabpanel', 'aria-labelledby': 'CybotCookiebotDialogNavAdSettings', 'lang': 'pl'}",[#IABV2_TITLE#][#IABV2_BODY_INTRO#][#IABV2_BODY_LEGITIMATE_INTEREST_INTRO#][#IABV2_BODY_PREFERENCE_INTRO#][#IABV2_LABEL_PURPOSES#][#IABV2_BODY_PURPOSES_INTRO#][#IABV2_BODY_PURPOSES#][#IABV2_LABEL_FEATURES#][#IABV2_BODY_FEATURES_INTRO#][#IABV2_BODY_FEATURES#][#IABV2_LABEL_PARTNERS#][#IABV2_BODY_PARTNERS_INTRO#][#IABV2_BODY_PARTNERS#]
div,"{'class': ['CybotCookiebotFader'], 'style': 'background-image: linear-gradient(to top, rgb(255, 255, 255), rgba(255, 255, 255, 0.8), rgba(255, 255, 255, 0));'}",
div,{'class': ['CybotCookiebotDialogDetailBodyContentIABv2TabsIntro']},[#IABV2_TITLE#][#IABV2_BODY_INTRO#]
div,{'class': ['CybotCookiebotDialogDetailBodyContentIABv2TabsIntro']},[#IABV2_BODY_LEGITIMATE_INTEREST_INTRO#]
div,{'class': ['CybotCookiebotDialogDetailBodyContentIABv2TabsIntro']},[#IABV2_BODY_PREFERENCE_INTRO#]
div,{'class': ['CookieCard']},[#IABV2_LABEL_PURPOSES#][#IABV2_BODY_PURPOSES_INTRO#][#IABV2_BODY_PURPOSES#]
div,{'class': ['CybotCookiebotDialogDetailBodyContentIABv2CardIntro']},[#IABV2_BODY_PURPOSES_INTRO#]
div,"{'id': 'CybotCookiebotDialogDetailBodyContentIABv2PurposesBody', 'class': ['CollapseCard', 'CybotCookiebotDialogHide'], 'aria-labelledby': 'CybotCookiebotDialogDetailBodyContentIABv2PurposesCard', 'aria-expanded': 'false'}",[#IABV2_BODY_PURPOSES#]
div,{'class': ['CookieCard']},[#IABV2_LABEL_FEATURES#][#IABV2_BODY_FEATURES_INTRO#][#IABV2_BODY_FEATURES#]
div,{'class': ['CybotCookiebotDialogDetailBodyContentIABv2CardIntro']},[#IABV2_BODY_FEATURES_INTRO#]
div,"{'id': 'CybotCookiebotDialogDetailBodyContentIABv2FeaturesBody', 'class': ['CollapseCard', 'CybotCookiebotDialogHide'], 'aria-labelledby': 'CybotCookiebotDialogDetailBodyContentIABv2FeaturesCard', 'aria-expanded': 'false'}",[#IABV2_BODY_FEATURES#]
div,{'class': ['CookieCard']},[#IABV2_LABEL_PARTNERS#][#IABV2_BODY_PARTNERS_INTRO#][#IABV2_BODY_PARTNERS#]
div,{'class': ['CybotCookiebotDialogDetailBodyContentIABv2CardIntro']},[#IABV2_BODY_PARTNERS_INTRO#]
div,"{'id': 'CybotCookiebotDialogDetailBodyContentIABv2PartnersBody', 'class': ['CollapseCard', 'CybotCookiebotDialogHide'], 'aria-labelledby': 'CybotCookiebotDialogDetailBodyContentIABv2PartnersCard', 'aria-expanded': 'false'}",[#IABV2_BODY_PARTNERS#]
div,{'class': ['CybotCookiebotScrollbarContainer']},
div,"{'class': ['CybotCookiebotScrollContainer', 'CybotCookiebotDialogHide']}","Pliki cookie (ciasteczka) to małe pliki tekstowe, które mogą być stosowane przez strony internetowe, aby użytkownicy mogli korzystać ze stron w bardziej sprawny sposób.Prawo stanowi, że możemy przechowywać pliki cookie na urządzeniu użytkownika, jeśli jest to niezbędne do funkcjonowania niniejszej strony. Do wszystkich innych rodzajów plików cookie potrzebujemy zezwolenia użytkownika.Niniejsza strona korzysta z różnych rodzajów plików cookie. Niektóre pliki cookie umieszczane są przez usługi stron trzecich, które pojawiają się na naszych stronach.W dowolnej chwili możesz wycofać swoją zgodę w Deklaracji dot. plików cookie na naszej witrynie.Dowiedz się więcej na temat tego, kim jesteśmy, jak można się z nami skontaktować i w jaki sposób przetwarzamy dane osobowe w ramach Polityki prywatności.Prosimy o podanie identyfikatora Pana(Pani) zgody i daty kontaktu z nami w sprawie Pana(Pani) zgody"
div,"{'id': 'CybotCookiebotDialogDetailBodyContentTextAbout', 'class': ['CybotCookiebotDialogTabPanel', 'CybotCookiebotDialogHide', 'CybotCookiebotScrollArea'], 'role': 'tabpanel', 'aria-labelledby': 'CybotCookiebotDialogNavAbout', 'lang': 'pl'}","Pliki cookie (ciasteczka) to małe pliki tekstowe, które mogą być stosowane przez strony internetowe, aby użytkownicy mogli korzystać ze stron w bardziej sprawny sposób.Prawo stanowi, że możemy przechowywać pliki cookie na urządzeniu użytkownika, jeśli jest to niezbędne do funkcjonowania niniejszej strony. Do wszystkich innych rodzajów plików cookie potrzebujemy zezwolenia użytkownika.Niniejsza strona korzysta z różnych rodzajów plików cookie. Niektóre pliki cookie umieszczane są przez usługi stron trzecich, które pojawiają się na naszych stronach.W dowolnej chwili możesz wycofać swoją zgodę w Deklaracji dot. plików cookie na naszej witrynie.Dowiedz się więcej na temat tego, kim jesteśmy, jak można się z nami skontaktować i w jaki sposób przetwarzamy dane osobowe w ramach Polityki prywatności.Prosimy o podanie identyfikatora Pana(Pani) zgody i daty kontaktu z nami w sprawie Pana(Pani) zgody"
div,"{'class': ['CybotCookiebotFader'], 'style': 'background-image: linear-gradient(to top, rgb(255, 255, 255), rgba(255, 255, 255, 0.8), rgba(255, 255, 255, 0));'}",
div,{'class': ['CybotCookiebotScrollbarContainer']},
div,"{'class': ['CybotCookiebotDialogBodyLevelButtonWrapper', 'CybotCookiebotDialogBodyContentControlsWrapper', 'CybotCookiebotDialogHide']}",Moje dane osobowe nie mogą być sprzedawane ani udostępniane
div,{'class': ['CybotCookiebotDialogArrow']},
